{"type":"Feature","properties":{"city_name":"City of San Fernando","prov_name":"Pampanga","city_code":"035416000","barangayCount":35},"geometry":{"type":"MultiPolygon","coordinates":[[[[120.691652782,15.033082422000064],[120.69188212600011,15.033061549000024],[120.69205976900002,15.03304597600004],[120.6933883590001,15.03291424400004],[120.69341372000008,15.033265667000023],[120.69342025200001,15.033612026000071],[120.69343696500005,15.03385645700007],[120.69347674100004,15.03454715600003],[120.69347991500001,15.03457254600005],[120.69348520400001,15.034597936000068],[120.69352833800008,15.034768470000074],[120.69360369100002,15.035102563000066],[120.69379729000002,15.035923506000074],[120.69376619400009,15.035910533000049],[120.69375409100007,15.035909401000026],[120.69374116600011,15.035913798000024],[120.69192698300003,15.036873386000025],[120.6919419400001,15.036896889000047],[120.69195689700007,15.03692466700005],[120.69196544400006,15.03695030700004],[120.69195689700007,15.037003725000034],[120.69185433400003,15.037225944000056],[120.69166063700004,15.037140239000053],[120.69134417900011,15.036996739000074],[120.69006546000003,15.03641689400007],[120.68923923300008,15.036044336000032],[120.68894458500006,15.035917814000072],[120.68858163400012,15.03575322000006],[120.6881595970001,15.035567524000044],[120.68773334100001,15.035360726000022],[120.68729442300003,15.035099064000065],[120.68688926800007,15.034816299000056],[120.6865431980001,15.03449977200006],[120.68640740300009,15.03433489400004],[120.68681922300004,15.033992777000037],[120.68710847300008,15.033756117000053],[120.68724433300008,15.033655318000058],[120.68736266300004,15.033585197000036],[120.68754234800008,15.033523841000033],[120.68868620100011,15.033352920000027],[120.68889025400006,15.033333796000022],[120.68980375800004,15.033247739000046],[120.69051529500007,15.03318358200005],[120.69146833700006,15.033098684000038],[120.691652782,15.033082422000064]]],[[[120.618299019,15.100914408000051],[120.61807424000006,15.10109790100006],[120.61788615900002,15.101272220000055],[120.61775312600003,15.101432776000024],[120.61762926800009,15.101524523000023],[120.61749623600008,15.101579571000059],[120.61715218600011,15.101740128000074],[120.61706502700008,15.101804350000066],[120.6169503430001,15.101886922000062],[120.61687235900001,15.101946558000066],[120.61678061200007,15.101997018000077],[120.61671180200005,15.10203371700004],[120.61668886500001,15.102056654000023],[120.61662464300002,15.102029130000062],[120.61659711900006,15.101978669000061],[120.61654207100003,15.101969494000059],[120.6164870230001,15.102001606000044],[120.61644573700005,15.102042892000043],[120.61633564100009,15.102185099000053],[120.61632646600003,15.102249322000034],[120.61631270400005,15.102345656000068],[120.61625765600002,15.102432815000043],[120.61621178300004,15.102497038000024],[120.61611086100004,15.102588784000034],[120.61605122600008,15.102653007000072],[120.61598700400009,15.102721817000031],[120.6139824490001,15.101350159000049],[120.61342584500005,15.102021757000045],[120.61246465700003,15.101447625000048],[120.61008797000011,15.100064360000033],[120.60992904000011,15.100277109000046],[120.60913067800004,15.101343326000062],[120.60908116300004,15.101152255000045],[120.60903164800004,15.100967507000064],[120.60869400500007,15.099382657000035],[120.60811989700005,15.096776740000053],[120.6078321760001,15.096670471000039],[120.6077617850001,15.096660400000076],[120.60769139500007,15.096643915000072],[120.60738733500011,15.095522603000063],[120.6072312340001,15.094464667000068],[120.60643561800009,15.091526133000059],[120.60634815900005,15.09133663700004],[120.60628620800003,15.091158074000077],[120.60617688400009,15.090859255000055],[120.60610035700006,15.090589588000057],[120.60599561300012,15.090147524000031],[120.60598374400001,15.09009762900007],[120.60573229800002,15.089062692000027],[120.60574323100002,15.088986165000051],[120.60578696100004,15.088913282000021],[120.60586348800007,15.088851332000047],[120.60594730300011,15.088814891000027],[120.60606391500005,15.08881853500003],[120.6061987490001,15.08884404400004],[120.60631536100004,15.088865909000049],[120.6064429060001,15.088880485000061],[120.60655223100002,15.08889141800006],[120.60665791100007,15.08889141800006],[120.60675630300011,15.08885497600005],[120.60684011800004,15.08874929600006],[120.60692028900007,15.088621751000062],[120.6069822390001,15.088450476000048],[120.60701868100011,15.08820631900005],[120.60705147800002,15.08803868800004],[120.60709156400003,15.087889278000034],[120.60716809100006,15.087747157000024],[120.60725281700002,15.087623256000029],[120.60760430100004,15.086874350000073],[120.60880857000006,15.08485304900006],[120.60870529900001,15.084828810000033],[120.60880037000004,15.084615257000053],[120.60886825500006,15.084342563000064],[120.60891224900001,15.083957271000031],[120.60893367400001,15.083500869000034],[120.60894149100011,15.083205814000053],[120.60895791900009,15.082882877000031],[120.60928364800009,15.082678293000072],[120.61001697300003,15.082196671000077],[120.61087493900004,15.081619450000062],[120.61155259800012,15.081166870000061],[120.61195314400004,15.080899437000028],[120.61276270500002,15.080355949000023],[120.61296116300002,15.080221777000077],[120.61357226700011,15.079813971000021],[120.614441123,15.079231909000043],[120.61514224500002,15.078760114000033],[120.61541525900009,15.078577242000051],[120.61633299000005,15.077956263000033],[120.61682261300007,15.077627308000046],[120.61785967500009,15.076924236000025],[120.61789839800008,15.076898824000068],[120.61877814600007,15.076304661000052],[120.6196336910001,15.075726230000043],[120.61994105800011,15.075518953000028],[120.62027973600004,15.075291094000022],[120.62020629000006,15.075402989000054],[120.62017280400005,15.075452490000032],[120.62002138700007,15.075649041000077],[120.61995878200003,15.075745132000065],[120.619932575,15.075791722000076],[120.6199194720001,15.075823752000076],[120.61991364800008,15.075852871000052],[120.61991801600004,15.07587907800007],[120.61993111900006,15.075914020000027],[120.6200195670001,15.076046509000037],[120.62011347500004,15.07615570400003],[120.62021175000007,15.076240876000043],[120.6209193310001,15.07681524000003],[120.6209477220001,15.076843631000031],[120.62096082500011,15.076872021000042],[120.62096519300007,15.076900412000043],[120.62096082500011,15.076933170000075],[120.62094990600008,15.076972480000052],[120.62093898600006,15.07698995100003],[120.62092806700002,15.077005239000073],[120.62091714700011,15.077024894000033],[120.62091714700011,15.077051100000062],[120.62092151500008,15.077066388000048],[120.62092806700002,15.077083859000027],[120.62094553800011,15.07709477800006],[120.62096300900009,15.077101330000062],[120.62098921600011,15.077101330000062],[120.6210197900001,15.077101330000062],[120.62104599700001,15.077090411000029],[120.62107002000005,15.077075123000043],[120.62108749100003,15.077070756000069],[120.62111369800004,15.07706857200003],[120.62114645600002,15.077070756000069],[120.62117484700002,15.077079491000063],[120.62120105400004,15.077092594000021],[120.6212228920001,15.077107882000064],[120.62193047400001,15.077841670000055],[120.6223104710001,15.078223851000075],[120.62266863000002,15.078586378000068],[120.62327356900005,15.079226258000062],[120.62443103200007,15.080442687000073],[120.62467781200007,15.080693835000034],[120.62469116900002,15.08071576900005],[120.624698222,15.080731639000078],[120.62469910400011,15.080749272000048],[120.62469734100011,15.080773958000066],[120.62469293200002,15.080788946000041],[120.62467794400004,15.080814514000053],[120.62450015200011,15.08098844400007],[120.62443196400011,15.081055204000052],[120.62431382300008,15.08117070000003],[120.62419744500005,15.081258865000052],[120.62404932800007,15.081337332000032],[120.62391708000007,15.081393758000047],[120.62377249000008,15.081441367000025],[120.62361908300011,15.081470461000038],[120.62345245100005,15.081498674000045],[120.62328934600009,15.081520715000067],[120.62316150700008,15.081541875000028],[120.62309979100007,15.08155510000006],[120.62306805200001,15.081563035000045],[120.62303190400007,15.081575378000025],[120.62300457300012,15.081589484000062],[120.6229472660001,15.081616815000075],[120.6228811420001,15.081660898000052],[120.6228141360001,15.08170850700003],[120.62280443300006,15.081715598000073],[120.62276829100006,15.081742009000038],[120.62259019700002,15.081891890000065],[120.62209647300006,15.082300975000067],[120.62200742700009,15.082367981000061],[120.62195893600006,15.08241559000004],[120.62169091500004,15.082647464000047],[120.6214581590001,15.082867876000023],[120.62076077400002,15.083515007000074],[120.62032523900007,15.08393379100005],[120.62023706600007,15.084000987000024],[120.61997580900004,15.083885199000065],[120.6197220460001,15.083750963000057],[120.619460505,15.084130311000024],[120.61918427700004,15.084481874000062],[120.61747356700005,15.08322903100003],[120.61461660600003,15.084908678000033],[120.62115754000001,15.089220131000047],[120.6206397420001,15.089884940000047],[120.62122873700002,15.090411438000046],[120.62197612600005,15.090863443000046],[120.6200057960001,15.093905706000044],[120.61841957500008,15.09298657100004],[120.61740804500005,15.094342504000053],[120.61811248600009,15.094752701000061],[120.61491568500003,15.099022218000073],[120.618299019,15.100914408000051]]],[[[120.68784277100008,15.032472333000044],[120.68705326300005,15.033201610000049],[120.68528806500001,15.030834954000056],[120.68525509300002,15.030784228000073],[120.68522719400005,15.030761402000053],[120.68517900500001,15.030748720000076],[120.68513842400012,15.030743648000055],[120.68504458200005,15.030746184000066],[120.68508619700003,15.030234117000077],[120.68515952400003,15.029866687000037],[120.68523686500009,15.029634663000024],[120.68531420700003,15.029399416000047],[120.68547533500009,15.028983706000076],[120.68568802400011,15.028558328000031],[120.68581692600003,15.028306968000038],[120.68592327100009,15.028168398000048],[120.68608439900004,15.02799115700003],[120.68629617500005,15.02772837200007],[120.68634318700003,15.02755280100007],[120.68675035400008,15.027067831000068],[120.68702785000005,15.026743654000029],[120.68723273100011,15.026507652000078],[120.68732671800001,15.026445341000056],[120.68738794400008,15.02638028900003],[120.68756014200005,15.026158345000056],[120.68766715900006,15.026079929000048],[120.68782333000001,15.026026812000055],[120.68793853200009,15.026010462000045],[120.68807805800009,15.026058786000021],[120.68824689600001,15.026104911000061],[120.6883627310001,15.02612268300004],[120.68852642500008,15.026145198000052],[120.68865416500012,15.026177569000026],[120.68894527000009,15.026228338000067],[120.68909208700006,15.026150444000052],[120.68917707300011,15.026311318000069],[120.68927121000002,15.026401183000075],[120.68945909800004,15.026593357000024],[120.68971960400006,15.02654708600005],[120.69013706500004,15.026462253000034],[120.69070364800007,15.027187103000074],[120.69101282400004,15.027749966000044],[120.69150099600006,15.028510456000049],[120.69103054000004,15.028791123000076],[120.69050192100008,15.02915709000007],[120.68988289900005,15.029579342000034],[120.69025822000003,15.029954987000053],[120.6896543690001,15.030500072000052],[120.68959567000002,15.030437766000034],[120.68951460700009,15.030357365000043],[120.68903613600003,15.030838881000022],[120.68937133700001,15.031167589000063],[120.68784277100008,15.032472333000044]]],[[[120.67198034500007,15.035493522000024],[120.67044156100008,15.034424648000027],[120.66902075900009,15.036334730000021],[120.66900671500002,15.036400941000068],[120.66897461300005,15.036451101000068],[120.66893649100007,15.036507279000034],[120.66890037600001,15.036541388000046],[120.6688662680001,15.036567471000069],[120.66882614000008,15.036587534000034],[120.66877999400003,15.03660358600007],[120.66870977000008,15.036605592000058],[120.6686555980001,15.03660358600007],[120.66857534300004,15.036609605000024],[120.66849308100007,15.036633681000069],[120.66844091500002,15.036655751000069],[120.66838874900009,15.036693873000047],[120.66832053200005,15.03675607100007],[120.668268366,15.036820275000025],[120.66824830200005,15.03691056200006],[120.6682342580001,15.036956709000037],[120.668224226,15.037016900000026],[120.66820817500002,15.037083111000072],[120.66817607300004,15.037169385000027],[120.66814597700011,15.037215532000062],[120.66808779200005,15.037279736000073],[120.66801932400006,15.037345947000063],[120.66796515200008,15.03740463400004],[120.66791097900011,15.03750394900004],[120.66786132100003,15.037598751000075],[120.66782069200008,15.037652923000053],[120.66779360600003,15.037761268000054],[120.66776200600009,15.037842526000077],[120.66773943400005,15.037892184000043],[120.6676942900001,15.037932814000044],[120.66765366100003,15.037964414000044],[120.6676220600001,15.038000529000044],[120.66758594600003,15.038072759000045],[120.66752725900005,15.038108874000045],[120.66745954300006,15.038140474000045],[120.66740988600009,15.038172075000034],[120.66738279900005,15.038208189000045],[120.66736925600003,15.038248819000046],[120.66732411300006,15.038280419000046],[120.66722028200002,15.038330077000069],[120.66712548100008,15.038375221000024],[120.66700359300012,15.038424879000047],[120.66710131000002,15.038494393000065],[120.6671813050001,15.038533121000057],[120.66728107800009,15.038546222000036],[120.66749639900002,15.038554151000028],[120.66761987300004,15.038537986000051],[120.66768627500005,15.038490975000059],[120.66914593700005,15.039299681000045],[120.66910644400002,15.039442224000027],[120.66899812700001,15.039624075000063],[120.66892559200005,15.039738769000053],[120.66879154900005,15.039864808000061],[120.66869970800008,15.039962810000077],[120.6685663830001,15.040030357000035],[120.6684338770001,15.040127647000077],[120.66829211900006,15.040191856000035],[120.66810162400009,15.04026465100003],[120.66795013600006,15.040314410000065],[120.66788716300005,15.04033511800003],[120.66771184800007,15.040416824000033],[120.66754449400003,15.040518088000056],[120.6672464400001,15.040740834000076],[120.66661489600006,15.040411428000027],[120.6665024990001,15.040402168000071],[120.66644832700001,15.040230622000024],[120.66637158300011,15.040104220000046],[120.66633998200007,15.040018448000069],[120.66633546800006,15.039941703000068],[120.66634901100008,15.039864959000056],[120.6651986490001,15.039580835000038],[120.6650651870001,15.039726072000065],[120.66502985900001,15.039749624000024],[120.66496705300005,15.039792803000068],[120.66492387500011,15.03986345900006],[120.66491602400004,15.039934115000051],[120.66486106900004,15.039989070000047],[120.66472368200004,15.040032249000035],[120.66463732500006,15.040024398000071],[120.66450386300005,15.039981219000026],[120.66440180400002,15.040098980000039],[120.66422934100001,15.040317982000033],[120.6625223740001,15.039669334000052],[120.66215867000005,15.039472036000063],[120.6622227040001,15.039242298000033],[120.66212654800006,15.039188481000053],[120.66216485100006,15.039036919000068],[120.66131027300003,15.038628717000051],[120.66098717600005,15.038490569000032],[120.66091866200009,15.038494892000074],[120.66101254800003,15.038354063000043],[120.66120501400007,15.037990255000068],[120.66127777500003,15.037849427000026],[120.66138574400009,15.037710945000072],[120.66160402900005,15.037441023000042],[120.66194480200011,15.037020700000028],[120.66241848800007,15.03643644500005],[120.66255697000008,15.036295616000075],[120.66273065900009,15.036164176000057],[120.66297945600002,15.03599048700005],[120.66344419100005,15.035692400000073],[120.66376105600011,15.035499934000029],[120.66396291000001,15.035401354000044],[120.66404506000003,15.035373188000051],[120.6641248630001,15.035352063000062],[120.66419762500004,15.035316856000065],[120.664868909,15.034866204000025],[120.66521393900007,15.034654961000058],[120.6653172130001,15.034570464000069],[120.66542987600008,15.03448127200005],[120.66560825900001,15.03432166600004],[120.66564982900002,15.034279874000049],[120.66608707700004,15.033828766000056],[120.666291279,15.033624564000036],[120.66637108200007,15.03352833100007],[120.66645088500002,15.033394544000032],[120.6666339620001,15.03306124900007],[120.66695891900008,15.03256282500007],[120.66704563600001,15.032294791000027],[120.66722695200008,15.032018875000063],[120.66729790200009,15.031735075000029],[120.66736096900001,15.031427625000049],[120.66740826900002,15.031191126000067],[120.66740826900002,15.030954626000039],[120.66740826900002,15.030812726000022],[120.66740826900002,15.030694476000065],[120.66757197700008,15.030213255000035],[120.66770743600011,15.029812414000048],[120.6679808670001,15.02900535200007],[120.6677580590001,15.028927654000029],[120.66778545700004,15.028695715000026],[120.6678047900001,15.028594373000033],[120.6678114560001,15.028480495000053],[120.66785488100004,15.028318780000063],[120.6678926830001,15.028041038000026],[120.66791541000009,15.027716922000025],[120.66796801700002,15.027494081000043],[120.66800903800004,15.027055349000022],[120.66820123900004,15.027036069000076],[120.66844770300008,15.027110152000034],[120.66864744100008,15.027136942000027],[120.6687518970001,15.027123431000064],[120.66892241700009,15.02702607200007],[120.66905211400001,15.026936245000059],[120.6691096730001,15.026843266000071],[120.66930891400011,15.026520052000023],[120.66935761700006,15.026422645000025],[120.6694328860001,15.02625439700006],[120.6694993000001,15.026117142000032],[120.66958342400005,15.026028591000056],[120.66972953400011,15.02583377700006],[120.6698535060001,15.025683240000035],[120.66995534000012,15.02549728100007],[120.67004152100003,15.025346128000024],[120.67028911300008,15.025060858000074],[120.67066588500006,15.02467332200007],[120.67121489400006,15.024167371000033],[120.67135593300009,15.024035044000073],[120.67144683200002,15.02395179900003],[120.6719950690001,15.023390612000071],[120.67264690900004,15.022777623000025],[120.67285843400009,15.022600633000025],[120.67286044000002,15.022602729000027],[120.67545881900003,15.02522678300005],[120.67536441000004,15.025305888000048],[120.6752509260001,15.025404861000027],[120.67513715200005,15.025488267000071],[120.6750548010001,15.025603438000076],[120.67495864500006,15.02572200800006],[120.67483354900003,15.026055599000074],[120.67475849100003,15.026239073000056],[120.67465007400006,15.026439228000072],[120.67456667600004,15.026631042000076],[120.67457501600006,15.026789497000038],[120.67462505500009,15.026889574000052],[120.67475849100003,15.026989652000054],[120.6748585680001,15.027056370000025],[120.67495864500006,15.027148107000073],[120.67497532400012,15.027281543000072],[120.67495030500004,15.027381620000028],[120.6749336260001,15.02752339600005],[120.67495864500006,15.027656832000048],[120.67500034400007,15.027840307000076],[120.67494196500002,15.02791536500007],[120.67490860600003,15.028082160000054],[120.67490860600003,15.02820725600003],[120.67492528600008,15.028349032000051],[120.67488358700007,15.028440769000042],[120.67473347100008,15.02859922500005],[120.67460003500003,15.028690962000042],[120.67446973200003,15.02884296600007],[120.67436652200001,15.028957834000039],[120.6742414260001,15.029116290000047],[120.67408297000009,15.029341463000037],[120.67391617500004,15.029541617000064],[120.67372436100004,15.02971675200007],[120.6735909250001,15.029908566000074],[120.67329069300001,15.030500689000064],[120.67321563600001,15.030659145000072],[120.67313223800011,15.030817600000034],[120.67308220000007,15.030942696000068],[120.6727145430001,15.032065142000022],[120.67264630900002,15.032343398000023],[120.67249985700005,15.032602945000065],[120.67229456400003,15.032906119000074],[120.6728645180001,15.033260745000064],[120.67270188500004,15.033942256000046],[120.67198034500007,15.035493522000024]]],[[[120.67188228000009,15.077168461000042],[120.67161784400002,15.077499592000038],[120.67130019300009,15.077776508000056],[120.67108443200004,15.07793223300007],[120.67092708200005,15.078005001000065],[120.67073492200007,15.078115511000021],[120.67062172800001,15.078310077000026],[120.67063961500003,15.078588524000054],[120.6705688610001,15.078874123000048],[120.67027513400001,15.079378571000063],[120.67010471700007,15.079512171000033],[120.66991376500005,15.07959302100005],[120.66972829000008,15.079605396000034],[120.66948331300011,15.079598858000054],[120.66864094100004,15.07991892800004],[120.66692711100006,15.078348436000056],[120.66497019700012,15.080525952000073],[120.66455957800008,15.079434989000049],[120.66435394900009,15.079201372000057],[120.66197763500008,15.076787938000052],[120.66015153900003,15.07519747200007],[120.6600495890001,15.074987056000055],[120.65987009800006,15.074822612000048],[120.65957911100008,15.074771272000078],[120.65917433100003,15.075136745000066],[120.65891031400008,15.075179289000062],[120.658715787,15.075085626000032],[120.65843030100007,15.074473580000074],[120.6578466630001,15.073415736000072],[120.65737245800005,15.073123917000032],[120.6564240460001,15.072017437000056],[120.65546347600002,15.070923116000074],[120.65498066400005,15.07030502400005],[120.6544606330001,15.071017510000047],[120.65435364000007,15.07116489200007],[120.65433828900007,15.071160488000032],[120.6543234720001,15.071160488000032],[120.65430745300011,15.07116489300006],[120.6542857600001,15.071185683000067],[120.6542425780001,15.071232572000042],[120.65420379300008,15.071272203000035],[120.65410361200009,15.071404260000065],[120.65404441400005,15.071445243000028],[120.65395334000004,15.071486226000047],[120.65385315900005,15.071536317000039],[120.65350707900006,15.071764001000076],[120.65341611300005,15.071820108000054],[120.65313579500003,15.072003191000022],[120.65297885100006,15.072105528000066],[120.65285308700004,15.072183554000048],[120.65174668800012,15.071306999000058],[120.65040807100002,15.072490413000025],[120.64936045800005,15.071549502000039],[120.65037897100001,15.070366087000025],[120.65010736800002,15.070288486000038],[120.64926345700007,15.069396075000043],[120.64958732600007,15.069038351000074],[120.65009692100011,15.068429323000032],[120.65043738200006,15.068080949000034],[120.64961534700001,15.06754185400007],[120.65020244900006,15.066865105000034],[120.65030047500011,15.066752319000045],[120.65055289600002,15.066464636000035],[120.65231413800007,15.064464761000067],[120.65239179500009,15.064376584000058],[120.65285155200002,15.063868489000072],[120.65427592600008,15.064673560000074],[120.6547060470001,15.063998351000066],[120.65490552000006,15.06366227600006],[120.65503506200002,15.063412939000045],[120.6559182420001,15.063877326000068],[120.65680828100005,15.06247858300003],[120.65889227500008,15.063423552000074],[120.6597359970001,15.062377336000054],[120.65987099200004,15.061972350000076],[120.6615240110001,15.061039985000036],[120.66173870500006,15.061116081000023],[120.66202175300009,15.061569219000035],[120.66096739600005,15.063024391000056],[120.65956179800003,15.06498879000003],[120.65971654200007,15.065186519000065],[120.6600174350001,15.065607769000053],[120.66032262600004,15.066011825000032],[120.660868531,15.06672966800005],[120.66151760000002,15.067456109000034],[120.66331359300011,15.069466758000033],[120.66340422000007,15.069394256000066],[120.66348276300005,15.069382172000076],[120.66357339000001,15.06933988000003],[120.66369422600008,15.069279462000054],[120.66380297800004,15.06919487700003],[120.66400235800006,15.069055915000035],[120.66409298500002,15.068983414000058],[120.6642077790001,15.068892787000038],[120.66433465600005,15.068838411000058],[120.66443132500001,15.068832369000063],[120.66455216100007,15.068753826000034],[120.66464278800004,15.068675282000072],[120.6647575820001,15.068651115000023],[120.66484820900007,15.068596739000043],[120.66495696100003,15.068548405000058],[120.66512613100008,15.068494029000021],[120.665307385,15.068457778000038],[120.66570010200007,15.06827048200006],[120.66599010800007,15.068167772000038],[120.66613511100002,15.068065061000027],[120.66623178000009,15.068071103000023],[120.66631636500006,15.068071103000023],[120.66641303400002,15.06803485200004],[120.6665097020001,15.06798047600006],[120.66660637100006,15.067932142000075],[120.66673324900012,15.067865682000047],[120.66684804300007,15.067817348000062],[120.66697492100002,15.067775055000027],[120.66710784000009,15.067750888000035],[120.66721055100004,15.067750888000035],[120.66732534500011,15.067762971000036],[120.66745222200007,15.067781097000022],[120.66755493300002,15.067811306000067],[120.66767576900008,15.06783547300006],[120.66775431200006,15.067865682000047],[120.66785098100002,15.067853598000056],[120.6679113990001,15.067793180000024],[120.66800202600007,15.067714637000051],[120.66809265300003,15.067714637000051],[120.6682074470001,15.067696512000055],[120.66827994800008,15.067660261000071],[120.66835849100005,15.067672345000062],[120.66838265900003,15.067732762000048],[120.66841286800002,15.067799222000076],[120.66846724400011,15.067805264000071],[120.6684914110001,15.067714637000051],[120.66852766200009,15.067630052000027],[120.66861224700006,15.067581718000042],[120.66867266500003,15.067575676000047],[120.66874516600001,15.067527341000073],[120.66884183500008,15.067448798000044],[120.66898079600003,15.067394422000064],[120.66910767400009,15.067394422000064],[120.66922246800004,15.067406506000054],[120.66933726200011,15.067424631000051],[120.66942788900008,15.067460882000034],[120.66956468400008,15.067490789000033],[120.66971612400005,15.067475645000059],[120.6705263230001,15.067240914000024],[120.6706739760001,15.06722198400007],[120.6707989140001,15.06722955600003],[120.67092006500002,15.067259844000034],[120.67104500200003,15.067312848000029],[120.67154096600007,15.067555151000022],[120.67175676700003,15.067801239000062],[120.67192713600002,15.067937534000066],[120.67210507700008,15.06801704000003],[120.67223758600005,15.068020826000065],[120.67249503300002,15.06799053800006],[120.6728168410001,15.067914819000066],[120.6731121470001,15.067805025000041],[120.67316893700001,15.067767165000078],[120.67353617700007,15.067233342000065],[120.67363461200011,15.06716140900005],[120.67373683400001,15.06711976300005],[120.67383148300007,15.067097047000061],[120.67393370500008,15.067089475000046],[120.67477797800007,15.067237128000045],[120.67491048800002,15.067278774000044],[120.67511493000006,15.067513505000022],[120.67555523600004,15.067668630000071],[120.67550389500002,15.067821465000065],[120.67546248700012,15.068093006000026],[120.67545580700005,15.06822803800003],[120.67540281700008,15.068381745000067],[120.67529667100007,15.068566195000074],[120.67525145500008,15.068840701000056],[120.67530687400006,15.069175340000072],[120.6754083840001,15.069541680000043],[120.67555319700011,15.069907700000044],[120.67575447000002,15.070306500000072],[120.67596652700001,15.070631132000074],[120.6761165910001,15.07083433300005],[120.67620326200006,15.070960924000076],[120.67620775500006,15.07105137800005],[120.67617808300008,15.071201797000072],[120.67614251500004,15.07134854000003],[120.67618572000003,15.071527074000073],[120.6762229740001,15.072050303000026],[120.67618710400006,15.072360846000038],[120.67609168700005,15.072638242000039],[120.675877506,15.072950942000034],[120.67568101000006,15.073084497000025],[120.67550958600009,15.07323972100005],[120.6752982160001,15.073408827000037],[120.67509466700005,15.073612690000061],[120.67490909600008,15.073846991000039],[120.67466873600006,15.074053476000074],[120.67447473400011,15.074303533000034],[120.673875898,15.074716886000033],[120.67367955400005,15.074880485000051],[120.67330027300011,15.075172208000026],[120.67325719700011,15.075365841000064],[120.67290719000005,15.075989697000068],[120.67267000100003,15.076289984000027],[120.672330697,15.076604816000042],[120.67188835800005,15.077160850000041],[120.67188228000009,15.077168461000042]]],[[[120.62867474000006,15.129305749000025],[120.62570965700002,15.130809003000024],[120.62442798900008,15.131560915000023],[120.62194583100006,15.13301711400004],[120.62023368400003,15.134379263000028],[120.61942947400007,15.134942797000065],[120.61832552600004,15.135982581000064],[120.61492129500004,15.13146424000007],[120.61499707300004,15.131440514000076],[120.61510531700003,15.131424478000042],[120.61520554200001,15.131452541000044],[120.61526968700002,15.13146456800007],[120.6153578850001,15.13150465900003],[120.61546212000007,15.131500650000078],[120.61555031800003,15.13153673100004],[120.61559441700001,15.131588848000035],[120.61563450800008,15.131556776000025],[120.61563450800008,15.131500650000078],[120.61563450800008,15.13142848700005],[120.61560644500003,15.131380379000063],[120.61553829100001,15.13136434300003],[120.61546212000007,15.131344298000045],[120.61545410200006,15.131288171000051],[120.6154741470001,15.131264117000057],[120.61555432700004,15.131240063000064],[120.61561847200005,15.131240063000064],[120.61569063400009,15.13125609900004],[120.61574676000009,15.13132425300006],[120.61582293200001,15.131280153000034],[120.6159151390001,15.131212000000062],[120.61594721200004,15.131123801000058],[120.6158670310001,15.131099747000064],[120.6158109050001,15.131071684000062],[120.61578284200004,15.130967449000025],[120.615818923,15.13083916100004],[120.6158670310001,15.130795061000072],[120.61589910300006,15.130682809000064],[120.6159191480001,15.130566547000058],[120.61599131100002,15.13034605100006],[120.61603941900012,15.130197717000044],[120.61611158200003,15.130121545000065],[120.61622784300005,15.130049383000028],[120.61632406000001,15.129945148000047],[120.61640824900007,15.12982086900007],[120.61646437600007,15.129688571000031],[120.61649243900001,15.129500147000044],[120.61647640300009,15.129415957000049],[120.61649644800002,15.129323750000026],[120.6164804120001,15.129223524000054],[120.61650045700003,15.129099244000031],[120.61655257400002,15.129011046000073],[120.61662874600006,15.128826631000038],[120.61671694400002,15.12868230600003],[120.61680136500001,15.128579903000059],[120.61661175500001,15.128366974000073],[120.61610074400005,15.127855963000059],[120.61596421500008,15.127762343000029],[120.61591740400002,15.127727236000055],[120.61662381700012,15.127122589000066],[120.61588852300008,15.12604764200006],[120.61641480000003,15.125659467000048],[120.61554945500006,15.124449384000059],[120.61659180600009,15.122994792000043],[120.61710230100005,15.122292060000063],[120.61785629700012,15.121239029000037],[120.61853980600006,15.120333380000034],[120.61980856900004,15.118581888000051],[120.62073586400004,15.117319904000055],[120.62227056600011,15.118882843000051],[120.62244602100009,15.118858677000048],[120.6225995850001,15.118835841000077],[120.62326445800011,15.121543059000032],[120.62420858200005,15.121183622000046],[120.62447477500007,15.121105982000074],[120.62468181400004,15.121043131000022],[120.62481491000005,15.121032040000046],[120.62508849700009,15.120921126000042],[120.62553954600003,15.120640145000039],[120.62571331100003,15.120518140000058],[120.62588337800003,15.120418318000077],[120.62614957100004,15.12029261500004],[120.62629006200007,15.120244553000077],[120.62644164400001,15.12017430800006],[120.6270741300001,15.11973774300003],[120.62714547700011,15.119791253000074],[120.62719006800012,15.119877463000023],[120.62727330500002,15.12014203800004],[120.62732086900007,15.120653353000023],[120.62733870600005,15.120712808000064],[120.62736843400012,15.120760372000063],[120.62746356200012,15.120852528000057],[120.62750815300001,15.120941710000068],[120.62757949900003,15.121123049000062],[120.62770182700001,15.121204138000053],[120.62787341600006,15.121262257000069],[120.62806437800009,15.121245652000027],[120.628224896,15.121170928000026],[120.62852599600001,15.121509590000073],[120.62868955600004,15.121311173000038],[120.628873225,15.121088625000027],[120.62903544300002,15.120919703000027],[120.62929284800009,15.120675705000053],[120.62956366000003,15.120434388000035],[120.62982855500002,15.120670037000025],[120.63033987100005,15.121100281000054],[120.6305638230001,15.121280888000058],[120.63102457000002,15.121650930000044],[120.63104945300006,15.12168143200006],[120.63106309900002,15.121703908000029],[120.63107594200005,15.121731199000067],[120.63108798300004,15.121772939000039],[120.63112410400004,15.122069134000071],[120.63113373600004,15.122098834000042],[120.63114096100003,15.122130941000023],[120.63114738200011,15.122244121000051],[120.6311810950001,15.122473692000028],[120.63123567900004,15.122739384000056],[120.6312830380001,15.12293524200004],[120.63132798900006,15.123241068000027],[120.63136571500002,15.123421675000031],[120.62953196700005,15.124304755000026],[120.62683239400008,15.125209088000076],[120.62674743100001,15.125241710000068],[120.62867474000006,15.129305749000025]]],[[[120.65918105100002,15.083759598000029],[120.65902311900004,15.083821414000056],[120.65889842100012,15.08387017900003],[120.65857674300003,15.083971495000071],[120.65833105100012,15.08406521300003],[120.65817401200002,15.084136134000062],[120.65807016300005,15.084201989000064],[120.65799164300006,15.084293173000049],[120.65793591900001,15.084384358000023],[120.65788019500008,15.08445781200004],[120.65781687300012,15.084541398000056],[120.65777887900003,15.084566727000038],[120.65773582000008,15.084579391000034],[120.65768009600004,15.084584457000062],[120.6576243720001,15.084574325000062],[120.65753825400009,15.084574325000062],[120.65744453600007,15.084592056000076],[120.65735335200009,15.084635115000026],[120.65729002900002,15.084685773000047],[120.6572419040001,15.084759227000063],[120.65720137800008,15.08482255000007],[120.65664396700004,15.084852803000047],[120.65639392900005,15.084869553000033],[120.65619132500001,15.084868517000075],[120.65616546400008,15.084669618000078],[120.6561333950001,15.084528513000066],[120.65602756600003,15.08435533900007],[120.65562670100007,15.083604919000038],[120.6547216030001,15.08438159900004],[120.65437225700009,15.084659197000065],[120.65420426500009,15.084805066000058],[120.65402347000008,15.084970351000038],[120.65385324100009,15.085126407000075],[120.65367218800009,15.085292820000063],[120.65311546100008,15.08472782900003],[120.65262622000012,15.084223928000029],[120.65235604500003,15.083995551000044],[120.65084433100003,15.085425332000057],[120.65091750400006,15.08521206100005],[120.65097337700001,15.085017567000023],[120.6511991430001,15.084527637000065],[120.65127403000008,15.084386824000035],[120.65069815700008,15.083744714000034],[120.65033369800005,15.083423148000065],[120.64979648200006,15.083271370000034],[120.64979510300009,15.083267541000055],[120.64928512900008,15.082859825000071],[120.64894265700002,15.082563408000055],[120.64865363700005,15.082364871000038],[120.64711923000004,15.081315440000026],[120.64730698200003,15.081049111000027],[120.6485041200001,15.079351037000038],[120.64884395000001,15.078868754000041],[120.6489248470001,15.078753456000072],[120.6491403330001,15.078454437000062],[120.65085747900002,15.076077944000076],[120.65158856800008,15.07506612700007],[120.65243723200001,15.073892715000056],[120.65256512300004,15.073715196000023],[120.65267742900005,15.073557994000055],[120.65291026300008,15.073225689000026],[120.6531126000001,15.072936709000032],[120.65331073700008,15.072653848000073],[120.65350113600005,15.072382202000028],[120.65369083600001,15.072111494000069],[120.65435364000007,15.07116489200007],[120.6544606330001,15.071017510000047],[120.65498066400005,15.07030502400005],[120.65546347600002,15.070923116000074],[120.6564240460001,15.072017437000056],[120.65737245800005,15.073123917000032],[120.6578466630001,15.073415736000072],[120.65843030100007,15.074473580000074],[120.658715787,15.075085626000032],[120.65891031400008,15.075179289000062],[120.65917433100003,15.075136745000066],[120.65957911100008,15.074771272000078],[120.65987009800006,15.074822612000048],[120.6600495890001,15.074987056000055],[120.66015153900003,15.07519747200007],[120.65935093000007,15.076197961000048],[120.65949052100007,15.07646776100006],[120.65953628700004,15.076819622000073],[120.65939226100011,15.07719441200004],[120.65912121400004,15.077493460000028],[120.6588987770001,15.077855028000045],[120.65913387500007,15.078111829000022],[120.65980113300009,15.07882984400004],[120.65971614800003,15.078902884000058],[120.65949980800008,15.079097294000064],[120.65925255400009,15.07929994500006],[120.65863321100005,15.079851986000051],[120.65841280000006,15.080037064000066],[120.65819651700008,15.080221944000073],[120.65799263000008,15.080386464000071],[120.65787040100008,15.080496621000066],[120.65770243500003,15.080626852000023],[120.65760055200008,15.080715829000042],[120.65691818700009,15.081308234000062],[120.65683410600002,15.081393740000067],[120.65695608200008,15.081523545000039],[120.65716832100009,15.08169080500005],[120.65739254400012,15.081894448000071],[120.65773611400004,15.082155306000061],[120.6578055540001,15.082201386000065],[120.6579166030001,15.08231440700007],[120.6580891210001,15.082412292000072],[120.65841636900007,15.082684953000069],[120.65862048100007,15.083000800000036],[120.65908742600004,15.083711280000045],[120.65918105100002,15.083759598000029]]],[[[120.72699065600011,15.031077183000036],[120.727217343,15.031297449000022],[120.72731486000009,15.031486746000041],[120.72740547000001,15.032009027000072],[120.72744225400004,15.032262459000037],[120.72331230200007,15.034700286000032],[120.71477876200004,15.029420712000046],[120.71689795300006,15.028032513000028],[120.7170727350001,15.028152014000057],[120.71729563300005,15.028113464000057],[120.7186218380001,15.026983511000026],[120.7169553650001,15.02550083500006],[120.71951554600003,15.023141896000027],[120.71975167400001,15.022842838000031],[120.71990797800004,15.02256557800007],[120.72020487200007,15.022281424000028],[120.72025794700005,15.022327178000069],[120.72030919100007,15.022356460000026],[120.72037690700006,15.022374762000027],[120.72044462300005,15.022380252000062],[120.7210668780001,15.022299725000039],[120.72112727400008,15.022296065000035],[120.72119499000007,15.022297895000065],[120.72155370100006,15.022350970000048],[120.7218117540001,15.022398554000063],[120.7219014320001,15.022418686000037],[120.72197829900006,15.022446138000078],[120.72205516600002,15.02248091100006],[120.72214301400004,15.022532156000068],[120.72232786000006,15.022630985000035],[120.72249074400008,15.022724323000034],[120.72262617600006,15.022817661000033],[120.72276343900012,15.022912829000063],[120.72316790400009,15.023227617000032],[120.72321365900007,15.023273371000073],[120.72369636400003,15.023840722000045],[120.72379244700005,15.023953277000032],[120.72391880000009,15.024099473000035],[120.72455562500011,15.024911367000072],[120.7246379820001,15.025062355000045],[120.7246901420001,15.025205108000023],[120.72474504700006,15.025413746000027],[120.72478897100007,15.025586696000062],[120.72481093300007,15.025707487000034],[120.72482740400005,15.025828278000063],[120.72482740400005,15.025987502000078],[120.7248164230001,15.02610829300005],[120.72479995200001,15.026223593000054],[120.72467641600008,15.026956573000064],[120.72460229400008,15.027318945000047],[120.72457758700011,15.027560526000059],[120.72456660600005,15.02777191000007],[120.72458033200007,15.02795584100005],[120.72478073500008,15.029825352000046],[120.7248164230001,15.02989672800004],[120.72486309200008,15.029948888000035],[120.72509918300011,15.030206941000074],[120.72533252900007,15.030426560000024],[120.72602982000001,15.030970118000027],[120.72612041400009,15.031019533000062],[120.72619728000006,15.031055221000031],[120.7262988540001,15.03107443700003],[120.72639493800011,15.031082673000071],[120.72699065600011,15.031077183000036]]],[[[120.638040939,15.118814892000046],[120.63255446800008,15.121494623000046],[120.6318449800001,15.121641471000032],[120.63129388900006,15.121745419000035],[120.63118334100011,15.121756969000046],[120.63113879100001,15.121742119000032],[120.63111404200004,15.121753669000043],[120.63108798300004,15.121772939000039],[120.63107594200005,15.121731199000067],[120.63106309900002,15.121703908000029],[120.63104945300006,15.12168143200006],[120.63102457000002,15.121650930000044],[120.6305638230001,15.121280888000058],[120.63033987100005,15.121100281000054],[120.62982855500002,15.120670037000025],[120.62956366000003,15.120434388000035],[120.62929284800009,15.120675705000053],[120.62903544300002,15.120919703000027],[120.628873225,15.121088625000027],[120.62868955600004,15.121311173000038],[120.62852599600001,15.121509590000073],[120.628224896,15.121170928000026],[120.62806437800009,15.121245652000027],[120.62787341600006,15.121262257000069],[120.62770182700001,15.121204138000053],[120.62757949900003,15.121123049000062],[120.62750815300001,15.120941710000068],[120.62746356200012,15.120852528000057],[120.62736843400012,15.120760372000063],[120.62733870600005,15.120712808000064],[120.62732086900007,15.120653353000023],[120.62727330500002,15.12014203800004],[120.62719006800012,15.119877463000023],[120.62714547700011,15.119791253000074],[120.6270741300001,15.11973774300003],[120.62644164400001,15.12017430800006],[120.62629006200007,15.120244553000077],[120.62614957100004,15.12029261500004],[120.62588337800003,15.120418318000077],[120.62571331100003,15.120518140000058],[120.62553954600003,15.120640145000039],[120.62508849700009,15.120921126000042],[120.62481491000005,15.121032040000046],[120.62468181400004,15.121043131000022],[120.62447477500007,15.121105982000074],[120.62420858200005,15.121183622000046],[120.62326445800011,15.121543059000032],[120.6225995850001,15.118835841000077],[120.62244602100009,15.118858677000048],[120.62227056600011,15.118882843000051],[120.62073586400004,15.117319904000055],[120.62042183100004,15.117032817000052],[120.62044120900009,15.116991423000059],[120.6204503350001,15.11684139700003],[120.62044879400003,15.116737834000048],[120.62045074200012,15.116634272000056],[120.6204758780001,15.116454488000045],[120.62052362800011,15.116367903000025],[120.62061537300008,15.11631058000006],[120.62075609500005,15.116282089000038],[120.62086212500003,15.116264701000034],[120.62097970100001,15.116188340000065],[120.62107260100004,15.116081235000024],[120.62115578800001,15.115939783000044],[120.62121271800004,15.11579972800007],[120.62119313100004,15.115661075000048],[120.62117939100006,15.115532770000073],[120.62116699700005,15.115446105000046],[120.62115520000009,15.115357360000075],[120.62121699000011,15.115244032000078],[120.62129194300007,15.115177717000051],[120.62135373000001,15.115187927000022],[120.62138325300009,15.115238987000055],[120.62145590900002,15.115239019000057],[120.62155038000003,15.115193107000039],[120.62164003700002,15.11510693100007],[120.62172382100005,15.115011856000024],[120.62179700400009,15.114897575000043],[120.62202867500002,15.11455821900006],[120.62220158100001,15.114322999000024],[120.62250574600012,15.114035108000053],[120.62276210200002,15.11386832100004],[120.62293695800008,15.113712681000038],[120.62313332800011,15.113468559000069],[120.6233804530001,15.113203500000054],[120.62362472400002,15.112902984000073],[120.62371988300004,15.112754778000067],[120.62380667000002,15.11268621000005],[120.62394114800009,15.112586695000061],[120.62398919300006,15.112555454000073],[120.62414720600009,15.112524694000058],[120.62427354600004,15.11248867200004],[120.6243203790001,15.112491915000078],[120.62439416000007,15.112518265000062],[120.62457334400005,15.112470834000021],[120.62466111100002,15.112432437000052],[120.6247419880001,15.112397053000052],[120.62495279300003,15.112296921000052],[120.62532697100005,15.112054495000052],[120.62594884400005,15.111506403000021],[120.62629140100012,15.111206007000021],[120.62672882100003,15.110810748000063],[120.62679586800004,15.110743515000024],[120.62783027500006,15.109704025000042],[120.62803053900006,15.109466869000073],[120.62807797000005,15.109403628000052],[120.62856282000007,15.108955668000021],[120.62903186100004,15.108486628000037],[120.62959049300002,15.108038669000052],[120.6301069640001,15.107669761000068],[120.63058127400006,15.107379904000027],[120.63099761300009,15.107169100000021],[120.63131909000003,15.107042617000047],[120.63162475600006,15.106963565000058],[120.63205690600012,15.106873974000052],[120.63218338900003,15.106837083000073],[120.63226771000006,15.106779111000037],[120.6324152740001,15.106668439000032],[120.63301079600001,15.106125617000032],[120.6332584920001,15.105862112000068],[120.63342186500006,15.105661847000022],[120.63363794000009,15.105387801000063],[120.6341227900001,15.104913491000048],[120.63429670400001,15.104739577000032],[120.63446534800005,15.104481342000042],[120.63468669300005,15.104259997000042],[120.6349449280001,15.104075543000022],[120.63522227100009,15.103831077000052],[120.63535027300009,15.103746712000031],[120.63543112800005,15.10371845900005],[120.63552043000004,15.103698345000055],[120.63558077000005,15.10369593200005],[120.63563386900012,15.103705586000046],[120.63586809700007,15.10381071300003],[120.63996309800007,15.108266858000036],[120.64019489800012,15.108188661000042],[120.64114723400007,15.108093706000034],[120.64169461800009,15.107959653000023],[120.64411148600004,15.107384442000068],[120.64810998700011,15.104415501000062],[120.6529574440001,15.109584840000025],[120.65283154500003,15.109670521000055],[120.65257450000001,15.10982265000007],[120.65235767400009,15.109932811000022],[120.65213735000009,15.11001324700004],[120.65202543900011,15.110041225000032],[120.65191178000009,15.110056962000044],[120.65171069100006,15.110114666000072],[120.65154282500009,15.110149638000053],[120.65138719900006,15.110175867000066],[120.65123332200005,15.110217834000025],[120.6510864390001,15.11027204000004],[120.65036776400007,15.110583292000058],[120.650329295,15.110600778000048],[120.65013694800007,15.110693454000057],[120.64998132300002,15.110765146000062],[120.64984143400011,15.110838588000036],[120.64972427800001,15.110915526000042],[120.64958963600009,15.111013448000051],[120.64948996500004,15.111100878000059],[120.64906680400009,15.111539777000075],[120.64866112800007,15.111945453000033],[120.64861216700001,15.11201015100005],[120.64845654100009,15.112186760000043],[120.64841457500006,15.112226978000024],[120.64837086000011,15.112258453000038],[120.64830791000009,15.112295174000053],[120.64824321200001,15.112340637000045],[120.6481855080001,15.112391347000028],[120.6480473680001,15.112543475000052],[120.64774136300002,15.112910682000063],[120.64770813900009,15.112957894000033],[120.64768016200003,15.113003358000071],[120.64765917800003,15.11305231800003],[120.64749131300005,15.113482475000069],[120.64745109500006,15.113559413000075],[120.64739863700004,15.113627609000048],[120.64734443000009,15.113680067000075],[120.64727973200002,15.11374126800007],[120.64688744600005,15.114127722000035],[120.64655965300005,15.114487186000076],[120.64630945400006,15.114772224000035],[120.64598957800001,15.115139605000024],[120.64584072500008,15.115299543000049],[120.64575204700009,15.115364468000053],[120.64538466500005,15.115562411000042],[120.6451674650001,15.115667212000062],[120.6451297540001,15.115686241000049],[120.6441083310001,15.11618474200003],[120.64332922900007,15.11654737300006],[120.64321046300006,15.116593296000076],[120.64304577500002,15.116632885000058],[120.64292542600003,15.116651887000046],[120.64278290700008,15.116651887000046],[120.64246936600011,15.116639219000035],[120.64229676000002,15.11661863300003],[120.64212573700001,15.116582211000036],[120.6417266850001,15.116458695000063],[120.6415046080001,15.116373920000058],[120.64147490200003,15.116343097000026],[120.64143428500006,15.11631548400004],[120.64136864800003,15.116343537000034],[120.64133274700009,15.116371880000031],[120.64128999600007,15.116411561000064],[120.64015293200009,15.117255319000037],[120.638040939,15.118814892000046]]],[[[120.61492129500004,15.13146424000007],[120.61478237600011,15.13153047700007],[120.61464011200007,15.131622575000051],[120.6145358760001,15.131546540000045],[120.61443737500008,15.131460574000073],[120.61433871400004,15.13141536300003],[120.614259575,15.131486561000031],[120.61419071500006,15.131562879000057],[120.61410101600006,15.131654573000048],[120.61404757100001,15.131771725000021],[120.61405710700001,15.131893989000048],[120.61403004900001,15.131980855000052],[120.6139656680001,15.132108906000042],[120.61387367600003,15.132263344000023],[120.6137886790001,15.132407001000047],[120.61369324500004,15.132468838000023],[120.61357625900007,15.13246954300007],[120.61136436600009,15.130820524000058],[120.61114482900007,15.130577362000054],[120.61111156800007,15.130572111000049],[120.61104854700011,15.130540600000074],[120.61098902700007,15.130496836000077],[120.61073169100007,15.130293768000058],[120.61052862300005,15.130144968000025],[120.61047610600008,15.130120460000057],[120.61042358800012,15.130101203000038],[120.61037107000004,15.130088949000026],[120.61034208800004,15.130090209000059],[120.61028808700007,15.130096665000053],[120.61029969200001,15.130064751000077],[120.61029969200001,15.130018329000052],[120.61027358000001,15.129974809000032],[120.61020394800005,15.129916783000056],[120.60955260500009,15.129414002000033],[120.60930447600003,15.129161504000024],[120.60938379100003,15.129125159000068],[120.6089987360001,15.12884533700003],[120.60782516200004,15.127981619000025],[120.60756337900011,15.127550107000047],[120.60712115500007,15.12717972300004],[120.60645918400007,15.126665109000044],[120.60617270000012,15.12641747300006],[120.6054526370001,15.125875115000042],[120.60493015400004,15.12515207000007],[120.60454576500001,15.124638545000039],[120.60435418500003,15.12463288400005],[120.60416260500006,15.124629783000046],[120.60451961800004,15.12437817700004],[120.6048728620001,15.124130387000037],[120.60613317400009,15.123246169000026],[120.60723812000003,15.122473253000067],[120.60739348600009,15.122222536000038],[120.60887123200007,15.121199430000047],[120.60958542200001,15.120703167000045],[120.61034897700006,15.121753795000075],[120.61191411800007,15.119713449000074],[120.61281041400002,15.118474571000036],[120.61291533400004,15.118569265000076],[120.61710230100005,15.122292060000063],[120.61659180600009,15.122994792000043],[120.61554945500006,15.124449384000059],[120.61641480000003,15.125659467000048],[120.61588852300008,15.12604764200006],[120.61662381700012,15.127122589000066],[120.61591740400002,15.127727236000055],[120.61596421500008,15.127762343000029],[120.61610074400005,15.127855963000059],[120.61661175500001,15.128366974000073],[120.61680136500001,15.128579903000059],[120.61671694400002,15.12868230600003],[120.61662874600006,15.128826631000038],[120.61655257400002,15.129011046000073],[120.61650045700003,15.129099244000031],[120.6164804120001,15.129223524000054],[120.61649644800002,15.129323750000026],[120.61647640300009,15.129415957000049],[120.61649243900001,15.129500147000044],[120.61646437600007,15.129688571000031],[120.61640824900007,15.12982086900007],[120.61632406000001,15.129945148000047],[120.61622784300005,15.130049383000028],[120.61611158200003,15.130121545000065],[120.61603941900012,15.130197717000044],[120.61599131100002,15.13034605100006],[120.6159191480001,15.130566547000058],[120.61589910300006,15.130682809000064],[120.6158670310001,15.130795061000072],[120.615818923,15.13083916100004],[120.61578284200004,15.130967449000025],[120.6158109050001,15.131071684000062],[120.6158670310001,15.131099747000064],[120.61594721200004,15.131123801000058],[120.6159151390001,15.131212000000062],[120.61582293200001,15.131280153000034],[120.61574676000009,15.13132425300006],[120.61569063400009,15.13125609900004],[120.61561847200005,15.131240063000064],[120.61555432700004,15.131240063000064],[120.6154741470001,15.131264117000057],[120.61545410200006,15.131288171000051],[120.61546212000007,15.131344298000045],[120.61553829100001,15.13136434300003],[120.61560644500003,15.131380379000063],[120.61563450800008,15.13142848700005],[120.61563450800008,15.131500650000078],[120.61563450800008,15.131556776000025],[120.61559441700001,15.131588848000035],[120.61555031800003,15.13153673100004],[120.61546212000007,15.131500650000078],[120.6153578850001,15.13150465900003],[120.61526968700002,15.13146456800007],[120.61520554200001,15.131452541000044],[120.61510531700003,15.131424478000042],[120.61499707300004,15.131440514000076],[120.61492129500004,15.13146424000007]]],[[[120.67555523600004,15.067668630000071],[120.67511493000006,15.067513505000022],[120.67491048800002,15.067278774000044],[120.67477797800007,15.067237128000045],[120.67393370500008,15.067089475000046],[120.67383148300007,15.067097047000061],[120.67373683400001,15.06711976300005],[120.67363461200011,15.06716140900005],[120.67353617700007,15.067233342000065],[120.67316893700001,15.067767165000078],[120.6731121470001,15.067805025000041],[120.6728168410001,15.067914819000066],[120.67249503300002,15.06799053800006],[120.67223758600005,15.068020826000065],[120.67210507700008,15.06801704000003],[120.67192713600002,15.067937534000066],[120.67175676700003,15.067801239000062],[120.67154096600007,15.067555151000022],[120.67104500200003,15.067312848000029],[120.67092006500002,15.067259844000034],[120.6707989140001,15.06722955600003],[120.6706739760001,15.06722198400007],[120.6705263230001,15.067240914000024],[120.66971612400005,15.067475645000059],[120.66956468400008,15.067490789000033],[120.66942788900008,15.067460882000034],[120.66933726200011,15.067424631000051],[120.66922246800004,15.067406506000054],[120.66910767400009,15.067394422000064],[120.66898079600003,15.067394422000064],[120.66884183500008,15.067448798000044],[120.66874516600001,15.067527341000073],[120.66867266500003,15.067575676000047],[120.66861224700006,15.067581718000042],[120.66852766200009,15.067630052000027],[120.6684914110001,15.067714637000051],[120.66846724400011,15.067805264000071],[120.66841286800002,15.067799222000076],[120.66838265900003,15.067732762000048],[120.66835849100005,15.067672345000062],[120.66827994800008,15.067660261000071],[120.6682074470001,15.067696512000055],[120.66809265300003,15.067714637000051],[120.66800202600007,15.067714637000051],[120.6679113990001,15.067793180000024],[120.66785098100002,15.067853598000056],[120.66775431200006,15.067865682000047],[120.66767576900008,15.06783547300006],[120.66755493300002,15.067811306000067],[120.66745222200007,15.067781097000022],[120.66732534500011,15.067762971000036],[120.66721055100004,15.067750888000035],[120.66710784000009,15.067750888000035],[120.66697492100002,15.067775055000027],[120.66684804300007,15.067817348000062],[120.66673324900012,15.067865682000047],[120.66660637100006,15.067932142000075],[120.6665097020001,15.06798047600006],[120.66641303400002,15.06803485200004],[120.66631636500006,15.068071103000023],[120.66623178000009,15.068071103000023],[120.66613511100002,15.068065061000027],[120.66599010800007,15.068167772000038],[120.66570010200007,15.06827048200006],[120.665307385,15.068457778000038],[120.66512613100008,15.068494029000021],[120.66495696100003,15.068548405000058],[120.66484820900007,15.068596739000043],[120.6647575820001,15.068651115000023],[120.66464278800004,15.068675282000072],[120.66455216100007,15.068753826000034],[120.66443132500001,15.068832369000063],[120.66433465600005,15.068838411000058],[120.6642077790001,15.068892787000038],[120.66409298500002,15.068983414000058],[120.66400235800006,15.069055915000035],[120.66380297800004,15.06919487700003],[120.66369422600008,15.069279462000054],[120.66357339000001,15.06933988000003],[120.66348276300005,15.069382172000076],[120.66340422000007,15.069394256000066],[120.66331359300011,15.069466758000033],[120.66151760000002,15.067456109000034],[120.660868531,15.06672966800005],[120.66032262600004,15.066011825000032],[120.6600174350001,15.065607769000053],[120.65971654200007,15.065186519000065],[120.65956179800003,15.06498879000003],[120.66096739600005,15.063024391000056],[120.66202175300009,15.061569219000035],[120.66173870500006,15.061116081000023],[120.6615240110001,15.061039985000036],[120.65987099200004,15.061972350000076],[120.6597359970001,15.062377336000054],[120.65889227500008,15.063423552000074],[120.65680828100005,15.06247858300003],[120.6559182420001,15.063877326000068],[120.65503506200002,15.063412939000045],[120.65522086200008,15.062979318000032],[120.65533951900011,15.06258933600003],[120.65552358800005,15.06221746500006],[120.65555736800002,15.061910683000065],[120.65563436900004,15.061621628000069],[120.65570920700009,15.061598384000035],[120.65578404500002,15.061574544000052],[120.65594953000004,15.061519426000075],[120.65610686500008,15.061387714000034],[120.65625492700008,15.06108542100003],[120.65629598900011,15.060934240000051],[120.65636892200007,15.060731754000074],[120.65642596100008,15.06063824100005],[120.65655460300002,15.060580271000049],[120.65669361300002,15.060547559000042],[120.65683608800009,15.060470102000068],[120.65698135900004,15.060402770000053],[120.65719841900011,15.060097831000064],[120.65745899100011,15.059908978000067],[120.65741565700012,15.05969334100007],[120.65749152000001,15.059513464000077],[120.65743369800009,15.059324010000068],[120.657383933,15.059171040000024],[120.65729116000011,15.059035994000055],[120.65717187400003,15.058878960000072],[120.65889942400008,15.05690553200003],[120.65905933700003,15.05672307900005],[120.66005055300002,15.055598299000053],[120.66068976800011,15.054872380000063],[120.66089737800007,15.054636606000031],[120.66188670300005,15.053509116000043],[120.66194364900002,15.053448168000045],[120.66284363500006,15.052539553000031],[120.66314471500004,15.052235456000062],[120.66383160200007,15.051540798000076],[120.66442794300008,15.050938079000048],[120.66532056000005,15.050034700000026],[120.66551033200005,15.049842591000072],[120.66585529000008,15.050563171000022],[120.66627690600001,15.051525223000056],[120.66686944900005,15.052340856000058],[120.66696088900005,15.052467098000022],[120.66717200900007,15.052474369000038],[120.66735565200008,15.052502382000057],[120.66766374500003,15.052511671000047],[120.667999957,15.052521058000025],[120.66806843300003,15.052533508000067],[120.66809022200005,15.052558409000028],[120.66842638100002,15.052943467000034],[120.66861786400011,15.053199863000032],[120.66916056100001,15.053849356000057],[120.66917363800007,15.053877690000036],[120.66938337900001,15.054335026000047],[120.66779698700009,15.055459615000075],[120.6675737380001,15.055599631000064],[120.66765715200006,15.055757701000061],[120.66771038200011,15.055765305000023],[120.66835294900011,15.056061874000022],[120.66868405600007,15.05619796600007],[120.66883698700008,15.056262339000057],[120.66888525200011,15.056282400000043],[120.66934710100008,15.056456724000043],[120.669367093,15.056459441000072],[120.66938689100004,15.056452842000056],[120.66956140400009,15.056328026000074],[120.66981234700006,15.05614805600004],[120.6700227340001,15.055998504000058],[120.67021284200007,15.055856557000027],[120.67043843800002,15.055696866000062],[120.67065642900002,15.055539710000062],[120.67091497600006,15.055359740000029],[120.67120468900009,15.05515164600007],[120.67133593100004,15.054941921000022],[120.67134253300003,15.05492883100004],[120.67134447800004,15.054914329000042],[120.67143626100005,15.054915010000059],[120.67167720300006,15.055197556000053],[120.67180052200001,15.055244653000045],[120.6720892190001,15.055346283000063],[120.67212797100001,15.055436454000073],[120.67237768900009,15.05580666000003],[120.67255011500004,15.055973510000058],[120.67621595900005,15.06053471100006],[120.67636260600011,15.060684707000064],[120.67648460200007,15.060802953000064],[120.6766229530001,15.060936643000048],[120.67746163200002,15.062004760000036],[120.67731612800003,15.062144988000057],[120.67712020500005,15.062318890000029],[120.67691494300004,15.062558362000061],[120.67673301100001,15.062738470000056],[120.6765339850001,15.06289434000007],[120.67616863,15.063062839000054],[120.6757197820001,15.063215438000043],[120.67553646200008,15.063366931000076],[120.67530006900006,15.063812919000043],[120.67631571900006,15.064750203000074],[120.6768154450001,15.065046978000055],[120.6775724150001,15.064775440000062],[120.6781005260001,15.065340104000029],[120.67778688700002,15.065721391000068],[120.67681265800002,15.066594405000046],[120.67557254700012,15.067512244000056],[120.67555523600004,15.067668630000071]]],[[[120.62773947100004,15.092629849000048],[120.6268188250001,15.093674177000025],[120.6264175550001,15.094129318000057],[120.62870784000006,15.09597214400003],[120.62744102700003,15.097957715000064],[120.6264443550001,15.098932012000034],[120.62650267200002,15.099382304000073],[120.62676500500004,15.099579412000026],[120.62715892100005,15.100024334000068],[120.62708780900005,15.100248577000059],[120.62715675100003,15.100304752000056],[120.62724548100005,15.100376246000053],[120.62736229900008,15.100471564000031],[120.62743981800008,15.100626601000045],[120.62617449100003,15.101934723000056],[120.62572795300002,15.102467662000038],[120.62568437700008,15.102509644000065],[120.62350163600001,15.100885279000067],[120.62177252600009,15.103324202000067],[120.61970844200005,15.101835151000046],[120.618299019,15.100914408000051],[120.61491568500003,15.099022218000073],[120.61811248600009,15.094752701000061],[120.61740804500005,15.094342504000053],[120.61841957500008,15.09298657100004],[120.6200057960001,15.093905706000044],[120.62197612600005,15.090863443000046],[120.62122873700002,15.090411438000046],[120.6206397420001,15.089884940000047],[120.62115754000001,15.089220131000047],[120.6220215840001,15.08819290300005],[120.62071965100006,15.087365828000031],[120.62069091700005,15.087343328000031],[120.62068305800005,15.087332998000022],[120.62067553400004,15.08732137000004],[120.62067283600004,15.087304153000048],[120.62067177200004,15.087287855000056],[120.62067450800009,15.087273150000044],[120.6207059840001,15.087195670000028],[120.62073611800008,15.087129374000028],[120.62074343800009,15.087092496000025],[120.62074287100006,15.087058471000034],[120.62073913200004,15.087029931000075],[120.62073379800006,15.087004599000068],[120.62072472500006,15.086982484000032],[120.6207048770001,15.086950727000044],[120.62068843200007,15.08693201400007],[120.62066379600003,15.086915420000025],[120.62055229900011,15.086849125000072],[120.61997260900011,15.086449093000056],[120.61980717800009,15.086329969000076],[120.61983493200012,15.086307625000074],[120.61988934900012,15.086264869000047],[120.61991850000004,15.08623280300003],[120.62002247500004,15.086098704000051],[120.62010604300008,15.085952946000077],[120.62011478900001,15.085924766000062],[120.62012061900009,15.085898529000076],[120.62012450600002,15.085873264000043],[120.620127421,15.085846056000037],[120.62009980300002,15.085707099000047],[120.62013733600008,15.085730196000043],[120.62016876300004,15.085747526000034],[120.62019647800003,15.085756764000052],[120.62023071300007,15.085764915000027],[120.6205034300001,15.085317074000045],[120.62130053600004,15.085861048000027],[120.62136024300003,15.085861048000027],[120.62299060900011,15.087014407000026],[120.62307345400006,15.086991107000074],[120.62321066700008,15.086998874000074],[120.62341777900008,15.087061008000035],[120.62361971400003,15.087149031000024],[120.62384494900004,15.08728883200007],[120.62406309100004,15.087420467000072],[120.62490065200006,15.08793588900005],[120.62520024100002,15.088148501000035],[120.62530010400008,15.088206486000047],[120.62545795200003,15.088290242000028],[120.62560935700003,15.08839010500003],[120.62567378500012,15.088464197000064],[120.62576379900008,15.088559047000047],[120.62542784000004,15.08893669400004],[120.62510904800001,15.089370743000075],[120.62476328000002,15.089944570000057],[120.62463139600004,15.090227287000062],[120.62476468900002,15.09031062300005],[120.62506037800006,15.09052390900007],[120.62503678500002,15.090600377000044],[120.62501240200004,15.090706040000043],[120.62500021000005,15.090799512000046],[120.62498801800007,15.09090111200004],[120.62494756500007,15.091025696000031],[120.62516903300002,15.091128819000062],[120.62578386100006,15.091610751000076],[120.62599238700011,15.091772634000051],[120.62618445200007,15.091918054000075],[120.62696913100001,15.092531480000048],[120.62723958100003,15.092219422000028],[120.62773947100004,15.092629849000048]]],[[[120.67856264000011,15.051983439000026],[120.67887083400001,15.053495723000026],[120.67887833500004,15.053695995000055],[120.67885721200003,15.053840743000023],[120.67893982200007,15.054143194000062],[120.67925802400009,15.054458743000055],[120.67943287700007,15.054632138000045],[120.6804529200001,15.054943193000042],[120.6791783760001,15.056496648000063],[120.67756922300009,15.058741218000023],[120.67766548200007,15.058981155000026],[120.67819954400011,15.059747581000067],[120.6784309840001,15.060149402000036],[120.67856139000003,15.060493696000037],[120.67848174300002,15.060787711000046],[120.6782174870001,15.061237625000047],[120.67771395600005,15.061854244000074],[120.67746163200002,15.062004760000036],[120.6766229530001,15.060936643000048],[120.67648460200007,15.060802953000064],[120.67636260600011,15.060684707000064],[120.67621595900005,15.06053471100006],[120.67255011500004,15.055973510000058],[120.67237768900009,15.05580666000003],[120.67212797100001,15.055436454000073],[120.6720892190001,15.055346283000063],[120.67180052200001,15.055244653000045],[120.67167720300006,15.055197556000053],[120.67143626100005,15.054915010000059],[120.67134447800004,15.054914329000042],[120.67134253300003,15.05492883100004],[120.67133593100004,15.054941921000022],[120.67120468900009,15.05515164600007],[120.67091497600006,15.055359740000029],[120.67065642900002,15.055539710000062],[120.67043843800002,15.055696866000062],[120.67021284200007,15.055856557000027],[120.6700227340001,15.055998504000058],[120.66981234700006,15.05614805600004],[120.66956140400009,15.056328026000074],[120.66938689100004,15.056452842000056],[120.669367093,15.056459441000072],[120.66934710100008,15.056456724000043],[120.66888525200011,15.056282400000043],[120.66883698700008,15.056262339000057],[120.66868405600007,15.05619796600007],[120.66835294900011,15.056061874000022],[120.66771038200011,15.055765305000023],[120.66765715200006,15.055757701000061],[120.6675737380001,15.055599631000064],[120.66779698700009,15.055459615000075],[120.66938337900001,15.054335026000047],[120.66917363800007,15.053877690000036],[120.66916056100001,15.053849356000057],[120.66861786400011,15.053199863000032],[120.66842638100002,15.052943467000034],[120.66809022200005,15.052558409000028],[120.66806843300003,15.052533508000067],[120.667999957,15.052521058000025],[120.66766374500003,15.052511671000047],[120.66735565200008,15.052502382000057],[120.66717200900007,15.052474369000038],[120.66696088900005,15.052467098000022],[120.66686944900005,15.052340856000058],[120.66627690600001,15.051525223000056],[120.66585529000008,15.050563171000022],[120.66551033200005,15.049842591000072],[120.66532056000005,15.050034700000026],[120.66442794300008,15.050938079000048],[120.66383160200007,15.051540798000076],[120.66314471500004,15.052235456000062],[120.66284363500006,15.052539553000031],[120.66194364900002,15.053448168000045],[120.66188670300005,15.053509116000043],[120.66089737800007,15.054636606000031],[120.66068976800011,15.054872380000063],[120.66050196000003,15.054725000000076],[120.66012748500009,15.054433252000024],[120.65965721300006,15.054085413000053],[120.6591184990001,15.053711752000027],[120.65849189500011,15.053280046000054],[120.65788150800006,15.052686638000068],[120.65776071100004,15.052594791000047],[120.65736764600001,15.052183805000027],[120.65520330200002,15.050217762000045],[120.65353694200007,15.048771328000043],[120.65367284900003,15.048488642000052],[120.65392835400007,15.047939578000069],[120.65396097200005,15.047803671000054],[120.65395553500002,15.047667764000039],[120.65388486400002,15.047260043000051],[120.65336841700002,15.045014860000038],[120.65335754500006,15.044922444000065],[120.65335210900002,15.044813718000057],[120.65335754500006,15.04470499200005],[120.65350976100001,15.04413418300004],[120.65360217700004,15.043769953000037],[120.65366741300011,15.043557938000049],[120.65374352100002,15.043394850000027],[120.65426540300007,15.042747932000054],[120.65456439900004,15.042432628000029],[120.65499386500005,15.042008599000042],[120.65539071300009,15.041720476000023],[120.65580488000012,15.04159779500003],[120.65638108000007,15.041563084000074],[120.65693421500009,15.041504091000036],[120.65747794100002,15.04144506700004],[120.65822075300002,15.041181265000034],[120.65838736500007,15.041070190000028],[120.65855397700011,15.04095217400004],[120.6587344730001,15.040889694000043],[120.6589843910001,15.040792504000024],[120.65917877100003,15.040702256000031],[120.65930373000003,15.040646718000062],[120.65943563100006,15.040549528000042],[120.65951506900001,15.040536909000025],[120.65959956600011,15.040513437000072],[120.65969345200006,15.040428940000027],[120.65983662800011,15.04021769700006],[120.66013706300009,15.039612133000048],[120.66047505200004,15.038910337000061],[120.66050087000008,15.038868088000072],[120.66052434200003,15.03883757500006],[120.66056893700011,15.03879297900005],[120.66075670900011,15.038663886000052],[120.66091866200009,15.038494892000074],[120.66098717600005,15.038490569000032],[120.66131027300003,15.038628717000051],[120.66216485100006,15.039036919000068],[120.66212654800006,15.039188481000053],[120.6622227040001,15.039242298000033],[120.66215867000005,15.039472036000063],[120.6625223740001,15.039669334000052],[120.66422934100001,15.040317982000033],[120.66440180400002,15.040098980000039],[120.66450386300005,15.039981219000026],[120.66463732500006,15.040024398000071],[120.66472368200004,15.040032249000035],[120.66486106900004,15.039989070000047],[120.66491602400004,15.039934115000051],[120.66492387500011,15.03986345900006],[120.66496705300005,15.039792803000068],[120.66502985900001,15.039749624000024],[120.6650651870001,15.039726072000065],[120.6651986490001,15.039580835000038],[120.66634901100008,15.039864959000056],[120.66633546800006,15.039941703000068],[120.66633998200007,15.040018448000069],[120.66637158300011,15.040104220000046],[120.66644832700001,15.040230622000024],[120.6665024990001,15.040402168000071],[120.66661489600006,15.040411428000027],[120.6672464400001,15.040740834000076],[120.66754449400003,15.040518088000056],[120.66771184800007,15.040416824000033],[120.66788716300005,15.04033511800003],[120.66795013600006,15.040314410000065],[120.66810162400009,15.04026465100003],[120.66829211900006,15.040191856000035],[120.6684338770001,15.040127647000077],[120.6685663830001,15.040030357000035],[120.66869970800008,15.039962810000077],[120.66879154900005,15.039864808000061],[120.66892559200005,15.039738769000053],[120.66899812700001,15.039624075000063],[120.66910644400002,15.039442224000027],[120.66914593700005,15.039299681000045],[120.66768627500005,15.038490975000059],[120.66761987300004,15.038537986000051],[120.66749639900002,15.038554151000028],[120.66728107800009,15.038546222000036],[120.6671813050001,15.038533121000057],[120.66710131000002,15.038494393000065],[120.66700359300012,15.038424879000047],[120.66712548100008,15.038375221000024],[120.66722028200002,15.038330077000069],[120.66732411300006,15.038280419000046],[120.66736925600003,15.038248819000046],[120.66738279900005,15.038208189000045],[120.66740988600009,15.038172075000034],[120.66745954300006,15.038140474000045],[120.66752725900005,15.038108874000045],[120.66758594600003,15.038072759000045],[120.6676220600001,15.038000529000044],[120.66765366100003,15.037964414000044],[120.6676942900001,15.037932814000044],[120.66773943400005,15.037892184000043],[120.66776200600009,15.037842526000077],[120.66779360600003,15.037761268000054],[120.66782069200008,15.037652923000053],[120.66786132100003,15.037598751000075],[120.66791097900011,15.03750394900004],[120.66796515200008,15.03740463400004],[120.66801932400006,15.037345947000063],[120.66808779200005,15.037279736000073],[120.66814597700011,15.037215532000062],[120.66817607300004,15.037169385000027],[120.66820817500002,15.037083111000072],[120.668224226,15.037016900000026],[120.6682342580001,15.036956709000037],[120.66824830200005,15.03691056200006],[120.668268366,15.036820275000025],[120.66832053200005,15.03675607100007],[120.66838874900009,15.036693873000047],[120.66844091500002,15.036655751000069],[120.66849308100007,15.036633681000069],[120.66857534300004,15.036609605000024],[120.6686555980001,15.03660358600007],[120.66870977000008,15.036605592000058],[120.66877999400003,15.03660358600007],[120.66882614000008,15.036587534000034],[120.6688662680001,15.036567471000069],[120.66890037600001,15.036541388000046],[120.66893649100007,15.036507279000034],[120.66897461300005,15.036451101000068],[120.66900671500002,15.036400941000068],[120.66902075900009,15.036334730000021],[120.67044156100008,15.034424648000027],[120.67198034500007,15.035493522000024],[120.67126597700008,15.036212426000077],[120.6715084980001,15.036521755000024],[120.67139350500008,15.038462649000053],[120.6706311480001,15.040174357000069],[120.67266759200004,15.04130062400003],[120.67263370500007,15.041423569000074],[120.67253200400012,15.041785171000072],[120.67221523700005,15.04289607800007],[120.67174324500002,15.042628505000039],[120.6711376500001,15.04343816000005],[120.67082827000002,15.043872609000061],[120.67097308600012,15.04397793000004],[120.67102574600005,15.044083251000075],[120.67111132000002,15.044320223000057],[120.6713219610001,15.04447162200006],[120.6717261020001,15.044847737000055],[120.67158739900003,15.045440529000075],[120.671571674,15.045472241000027],[120.671868001,15.045721998000033],[120.67233683900008,15.046129182000072],[120.6738835430001,15.047398857000076],[120.67442023300009,15.047835488000032],[120.67472433000012,15.048083703000032],[120.67542166700002,15.048305522000078],[120.67766704700011,15.046836259000031],[120.67872136800008,15.04826752200006],[120.67578330300012,15.050215096000045],[120.67481556300004,15.050785357000052],[120.67378821000011,15.051390745000049],[120.67499996600009,15.053512714000021],[120.67511186700006,15.053561462000062],[120.67526621000002,15.053411942000025],[120.67552184200008,15.053257598000073],[120.67568583200011,15.05316113400005],[120.67582570600007,15.05307431500006],[120.67595111000003,15.053011613000024],[120.6761054540001,15.052968204000024],[120.67623781500004,15.052922427000055],[120.67633696900009,15.052862093000044],[120.67656848400009,15.052765628000031],[120.67704116100003,15.052534113000036],[120.6771810350001,15.05238941600004],[120.6773257320001,15.052210956000067],[120.67736914200009,15.052167547000067],[120.67743184400001,15.05214825400003],[120.67751383900008,15.05215307700007],[120.67768367800011,15.052167113000053],[120.67779732600002,15.052163447000055],[120.67787981200001,15.052143284000067],[120.67803745200001,15.052071796000064],[120.67810344000009,15.052057132000073],[120.67822625300005,15.052068130000066],[120.67832340300004,15.052066297000067],[120.67841505400008,15.052040634000036],[120.67856264000011,15.051983439000026]]],[[[120.72331230200007,15.034700286000032],[120.71774104700012,15.037788342000056],[120.71116367200011,15.042743391000045],[120.7109061540001,15.04254928000006],[120.7108059950001,15.042458582000052],[120.7106375190001,15.042297304000044],[120.7102976320001,15.041886557000055],[120.70997270400005,15.041403471000024],[120.70978068300008,15.04104787600005],[120.70957443800012,15.040578491000076],[120.70942153200008,15.040110768000034],[120.70926862600004,15.039582824000036],[120.70917617100008,15.039042319000032],[120.70911927600002,15.038366688000053],[120.70907761300009,15.037961127000074],[120.7089941590001,15.03753064500006],[120.70883401000003,15.036990140000057],[120.70877498200002,15.036828768000078],[120.70869704000006,15.036647715000072],[120.70859800000005,15.036474922000025],[120.70829877300002,15.036047154000073],[120.70782675300006,15.035575134000055],[120.70775721500002,15.035518239000055],[120.7076813540001,15.035473987000046],[120.70681739000008,15.035069399000065],[120.70633272700002,15.034915571000056],[120.70624843700011,15.034909249000066],[120.70617047000007,15.034909249000066],[120.70608828800005,15.034924000000046],[120.70607984000003,15.034272137000073],[120.70486441800006,15.03442712900005],[120.70485743500001,15.034288840000045],[120.70483387700006,15.033847134000041],[120.7048056430001,15.033403856000064],[120.70479219000003,15.033027253000057],[120.70478853300006,15.032477337000046],[120.7047764140001,15.03182316300007],[120.70157029400002,15.03106512200003],[120.69920215400009,15.032228837000048],[120.69814592900002,15.032744029000071],[120.69817936200002,15.03090665600007],[120.69938951400002,15.029324626000061],[120.69789064600002,15.03001088800005],[120.69787519300007,15.030021795000039],[120.69786337700009,15.030032703000074],[120.697849743,15.030051791000062],[120.6978106570001,15.030148140000051],[120.69779520500003,15.030165410000052],[120.69777884400003,15.03017631800003],[120.69775612000001,15.030182680000053],[120.69773305500007,15.03018177100006],[120.69682091800007,15.03011837200006],[120.69685883200009,15.02992508400007],[120.69697529900009,15.029264831000035],[120.69698600000004,15.029208211000025],[120.69711850600004,15.02848188300004],[120.69712995700002,15.028432806000069],[120.69725117000007,15.027769116000059],[120.69729409400009,15.027529274000074],[120.69737813100005,15.02750526400007],[120.69778261600004,15.027464631000043],[120.69782223600009,15.027459192000038],[120.69785459000002,15.027449082000032],[120.69788492200007,15.027430882000033],[120.69790716600005,15.027409650000038],[120.69792839800004,15.027384373000075],[120.69833383800005,15.02677570800006],[120.69836012600001,15.026749420000044],[120.69838843600007,15.02673021000004],[120.69841674600002,15.02671908800005],[120.69845718900001,15.02671504400007],[120.69851279800002,15.02671908800005],[120.6995875670001,15.026964778000035],[120.699622954,15.026982978000035],[120.69978472600008,15.027091162000033],[120.69982820200005,15.027112395000074],[120.69987673300011,15.027130594000027],[120.70034688100009,15.02726304500004],[120.70037721400001,15.027270122000061],[120.70061582700009,15.02728326600004],[120.70065020300001,15.027280233000056],[120.70068862400001,15.027268100000072],[120.70072603300002,15.02724686700003],[120.70097981200001,15.027019376000055],[120.70104351000009,15.026951635000046],[120.70130942200001,15.026549228000022],[120.70139030700011,15.026439021000044],[120.70147119300009,15.026357124000072],[120.70152073600002,15.026313648000041],[120.70157533300005,15.026277250000078],[120.70163094200007,15.026251973000058],[120.70169565100002,15.026235796000037],[120.70175328200003,15.026223663000053],[120.70181394600002,15.026216585000043],[120.70187865500009,15.026218608000022],[120.70194740800002,15.026229729000022],[120.70200807200001,15.026246918000027],[120.70205559200008,15.026271183000063],[120.70209704600006,15.026300504000062],[120.70213951100004,15.026330837000046],[120.70217085500008,15.026362180000035],[120.70240845600006,15.026695833000076],[120.70246912100004,15.02676660800006],[120.70249945300009,15.026797952000038],[120.70253787400009,15.026823228000069],[120.70257123900001,15.026841428000068],[120.70260662600003,15.026856594000037],[120.70264605800003,15.026865693000047],[120.70269054500011,15.026871760000063],[120.70273705500006,15.026872771000058],[120.70278558600012,15.026864682000053],[120.70310382100001,15.026755992000062],[120.70315386900006,15.026742343000024],[120.7040198520001,15.026590682000062],[120.70449455000005,15.026523951000058],[120.70451865500002,15.026294612000072],[120.70472133300007,15.025693567000076],[120.70472832200005,15.025595722000048],[120.70471434400008,15.025431483000034],[120.70453628200005,15.024344782000071],[120.70459648000008,15.024397037000028],[120.7046209770001,15.024415244000068],[120.704642164,15.024428486000033],[120.70465937800009,15.02443676200005],[120.7046755990001,15.02444272100007],[120.70469314400009,15.024448017000054],[120.70470737900007,15.024449341000036],[120.70472194400008,15.024445369000034],[120.70473386200001,15.02443941000007],[120.70474346200001,15.024430141000039],[120.70475008300002,15.024417893000077],[120.70498119800004,15.023482727000044],[120.70520402000011,15.023486668000032],[120.70523527600005,15.023483462000058],[120.70526412800007,15.023470639000038],[120.70528549900007,15.023452474000067],[120.70530660400004,15.023425759000077],[120.70551417400009,15.022911775000068],[120.70649726200008,15.02031727800005],[120.7065008830001,15.020298756000045],[120.70650040800001,15.020281184000055],[120.70649755900001,15.020261712000035],[120.70648978200006,15.020243546000074],[120.70636155300008,15.02012600300003],[120.70697615200004,15.019432137000024],[120.70689498900003,15.01894360800003],[120.70760671500011,15.019328715000029],[120.70775575200003,15.019352093000066],[120.70792232400004,15.019378394000057],[120.70806259400001,15.019401772000037],[120.70849217300008,15.019445607000023],[120.70874349200005,15.019463141000074],[120.70907079000006,15.019445607000023],[120.70931918600002,15.019422228000053],[120.70955589300002,15.019375472000036],[120.70974584300006,15.019349171000044],[120.70989488000009,15.019319948000032],[120.71020756700011,15.019179677000068],[120.7107220800001,15.018887709000069],[120.71083001800002,15.018826078000075],[120.71099659000004,15.018697497000062],[120.71108425900002,15.01860690500007],[120.71117192800011,15.018457867000052],[120.71128589800003,15.018297141000062],[120.71145831400008,15.018156870000041],[120.71154598300006,15.018098424000073],[120.71162196300008,15.018080890000022],[120.71189373700008,15.018077968000057],[120.71214505600005,15.018101346000037],[120.71229117100006,15.01813056900005],[120.71239637400004,15.018159792000063],[120.71247819900009,15.018197782000072],[120.71258340200006,15.018247461000044],[120.71278879600004,15.018328181000072],[120.71322583000006,15.017865439000047],[120.71420844300008,15.017031360000033],[120.71452550700008,15.016705727000044],[120.71461120000004,15.016654311000025],[120.71468546800008,15.016628603000072],[120.71475402200008,15.016614321000077],[120.71482828900002,15.016617177000057],[120.7149339770001,15.016645742000037],[120.71519391300001,15.016779994000046],[120.71525675400005,15.016799989000049],[120.71533387800002,15.016805702000056],[120.71621741900003,15.016884032000064],[120.71644674600009,15.016998861000047],[120.71676695100007,15.017051140000035],[120.71695645900002,15.017051140000035],[120.71737908500006,15.016988514000047],[120.71730544200011,15.017067549000046],[120.7172701500001,15.017115193000052],[120.7172454460001,15.017169895000052],[120.71713427700001,15.017471638000075],[120.71705202400005,15.017621098000063],[120.71695252500001,15.017849259000059],[120.71692605600003,15.017911019000053],[120.71691370400004,15.017976309000062],[120.71690164600011,15.018244525000057],[120.71690752800009,15.018479803000048],[120.71694657300009,15.018970660000036],[120.71697722900001,15.019126817000028],[120.7170160500001,15.019299746000058],[120.71705455300003,15.019419050000067],[120.71711037300008,15.019588645000056],[120.71717991900005,15.019748479000043],[120.71721408200005,15.019803384000056],[120.71726044600007,15.019848528000068],[120.71732389200008,15.019891232000077],[120.71745917100009,15.019958948000067],[120.71770624300007,15.020063267000069],[120.71782428900008,15.020120917000042],[120.71810979400004,15.020310339000048],[120.7183074510001,15.020486035000033],[120.71834588500008,15.020507996000049],[120.71839301200009,15.020515317000047],[120.7191076900001,15.020661730000029],[120.71914917400011,15.020659290000026],[120.71919553800001,15.02065318900003],[120.71923580100008,15.020644649000076],[120.71926630400003,15.020647089000022],[120.71929711200005,15.02065624000005],[120.71962288000009,15.020863048000024],[120.71967778500004,15.020906972000034],[120.71971621900002,15.020952726000075],[120.71974184100009,15.021003970000038],[120.7197564820001,15.021064366000076],[120.71974916200008,15.021271174000049],[120.71972903000005,15.021474322000074],[120.71973269000011,15.021520076000058],[120.71973818100003,15.021569490000047],[120.719754652,15.021620735000056],[120.71977112400009,15.02166831900007],[120.71979674600004,15.021706753000046],[120.72020487200007,15.022281424000028],[120.71990797800004,15.02256557800007],[120.71975167400001,15.022842838000031],[120.71951554600003,15.023141896000027],[120.7169553650001,15.02550083500006],[120.7186218380001,15.026983511000026],[120.71729563300005,15.028113464000057],[120.7170727350001,15.028152014000057],[120.71689795300006,15.028032513000028],[120.71477876200004,15.029420712000046],[120.72331230200007,15.034700286000032]]],[[[120.64961534700001,15.06754185400007],[120.64927659800003,15.06793215700003],[120.64901523800006,15.06823489900006],[120.64827289800007,15.069095683000057],[120.64664939800002,15.06752029200004],[120.6471031320001,15.067026615000032],[120.64716277200012,15.067076315000065],[120.64722241100003,15.067108620000056],[120.64725471600002,15.067111105000038],[120.64728205100005,15.067108620000056],[120.64730938600007,15.067096195000033],[120.64754546000006,15.066865091000068],[120.6476200090001,15.066802967000058],[120.64777159300002,15.066678717000059],[120.6479331170001,15.066512223000075],[120.64806730600003,15.06640288400007],[120.64809712600004,15.06637306400006],[120.64811203600004,15.06633081900003],[120.64810209600012,15.066291060000026],[120.6479157220001,15.066069896000045],[120.64790869100011,15.066059316000064],[120.64790329700008,15.066047531000038],[120.64789447600003,15.066013867000038],[120.64823216800005,15.065653225000062],[120.64839281800005,15.065433561000077],[120.6485528390001,15.065185515000053],[120.64784551800005,15.064730808000036],[120.64763620800011,15.06459006600005],[120.6473980290001,15.064406018000057],[120.64714902300011,15.064189491000036],[120.64698175100011,15.06402373700007],[120.64658471700011,15.064409818000058],[120.64628625700004,15.064732922000076],[120.64613798200003,15.064855862000059],[120.64590924900006,15.064643967000052],[120.64565205600002,15.064442495000037],[120.64558839900008,15.06446118200006],[120.64549369600002,15.064502379000032],[120.64545270700012,15.06455812400003],[120.64540188100011,15.064607310000042],[120.64523300700012,15.064735195000026],[120.64518054100006,15.064774545000034],[120.64515266900003,15.064800777000073],[120.6451313550001,15.064822092000043],[120.64511004100007,15.06485652200007],[120.64510348300007,15.06488603400004],[120.64510512200002,15.064915546000066],[120.64510348300007,15.064964732000021],[120.64509528500002,15.064997524000034],[120.64507888900005,15.06503523300006],[120.64503790000003,15.065084420000062],[120.64499035400002,15.065123769000024],[120.64487886400002,15.065197549000061],[120.64475917700008,15.065284445000032],[120.64464932700002,15.065356585000075],[120.64456171100005,15.065401958000052],[120.6444656970001,15.065443481000045],[120.64437716100008,15.065486110000052],[120.64430994000008,15.065517261000025],[120.64420828800007,15.065564808000033],[120.64415418200008,15.065591041000062],[120.64408204200004,15.065640228000063],[120.6439082500001,15.065807462000066],[120.64307404200008,15.06488383900006],[120.64313421500003,15.064673235000043],[120.64314989400009,15.064615068000023],[120.6431731990001,15.064558828000031],[120.64318098700005,15.064441799000065],[120.64322437600003,15.064328469000031],[120.64325656400001,15.064282664000075],[120.64330855900005,15.064240572000074],[120.6456905010001,15.061659508000048],[120.64663321000012,15.060721211000043],[120.64543991800008,15.059604922000062],[120.64472060700007,15.059051297000053],[120.64506877600002,15.058761393000054],[120.64537884300012,15.058536968000055],[120.64562818700006,15.05837182700003],[120.64590585100007,15.058047448000025],[120.647719144,15.058145418000038],[120.64892156600001,15.056966518000024],[120.64970958300012,15.057385339000064],[120.65115421100006,15.056095213000049],[120.65074924800001,15.055625157000065],[120.6510608100001,15.055377129000021],[120.65082504800012,15.055147598000076],[120.65244242400001,15.054524829000059],[120.65374716100007,15.053913830000056],[120.65459866000003,15.054843386000073],[120.65590562800003,15.054307936000043],[120.65587249100008,15.054263884000022],[120.65577812300012,15.054134691000058],[120.65560311100012,15.05392520600003],[120.65538036700002,15.053675946000055],[120.65517353400003,15.053498281000032],[120.65502991400001,15.053337345000045],[120.65630711300003,15.052661150000063],[120.6567872820001,15.052449989000024],[120.65693260900002,15.052390414000058],[120.65736764600001,15.052183805000027],[120.65776071100004,15.052594791000047],[120.65788150800006,15.052686638000068],[120.65849189500011,15.053280046000054],[120.6591184990001,15.053711752000027],[120.65965721300006,15.054085413000053],[120.66012748500009,15.054433252000024],[120.66050196000003,15.054725000000076],[120.66068976800011,15.054872380000063],[120.66005055300002,15.055598299000053],[120.65905933700003,15.05672307900005],[120.65889942400008,15.05690553200003],[120.65717187400003,15.058878960000072],[120.65729116000011,15.059035994000055],[120.657383933,15.059171040000024],[120.65743369800009,15.059324010000068],[120.65749152000001,15.059513464000077],[120.65741565700012,15.05969334100007],[120.65745899100011,15.059908978000067],[120.65719841900011,15.060097831000064],[120.65698135900004,15.060402770000053],[120.65683608800009,15.060470102000068],[120.65669361300002,15.060547559000042],[120.65655460300002,15.060580271000049],[120.65642596100008,15.06063824100005],[120.65636892200007,15.060731754000074],[120.65629598900011,15.060934240000051],[120.65625492700008,15.06108542100003],[120.65610686500008,15.061387714000034],[120.65594953000004,15.061519426000075],[120.65578404500002,15.061574544000052],[120.65570920700009,15.061598384000035],[120.65563436900004,15.061621628000069],[120.65555736800002,15.061910683000065],[120.65552358800005,15.06221746500006],[120.65533951900011,15.06258933600003],[120.65522086200008,15.062979318000032],[120.65503506200002,15.063412939000045],[120.65490552000006,15.06366227600006],[120.6547060470001,15.063998351000066],[120.65427592600008,15.064673560000074],[120.65285155200002,15.063868489000072],[120.65239179500009,15.064376584000058],[120.65231413800007,15.064464761000067],[120.65055289600002,15.066464636000035],[120.65030047500011,15.066752319000045],[120.65020244900006,15.066865105000034],[120.64961534700001,15.06754185400007]]],[[[120.70051726400004,15.051798836000046],[120.70051622300002,15.051799441000071],[120.7004978550001,15.051806062000026],[120.70048055500001,15.051809266000078],[120.70046476900006,15.051810454000076],[120.7001562580001,15.051823285000069],[120.69984840400002,15.051810454000076],[120.69983833600008,15.052596367000035],[120.69812247100003,15.05256890000004],[120.69783364400007,15.052609607000022],[120.69784396500006,15.053549305000047],[120.69639719500003,15.053543071000036],[120.69583392800007,15.053548732000024],[120.69531405700002,15.053182296000045],[120.69338841400008,15.052475091000076],[120.69301732100007,15.05207418200007],[120.68996833900007,15.050091165000026],[120.68769179100002,15.04859676500007],[120.68784007900001,15.048112979000052],[120.68780975600009,15.04807659100004],[120.68777943300006,15.048046268000064],[120.68728819900002,15.047736972000052],[120.68687782600011,15.047538861000078],[120.68674036100003,15.047460021000063],[120.68663322000009,15.047362987000042],[120.6865442720001,15.047274040000048],[120.68650990600008,15.047241695000025],[120.68646543200009,15.047225523000066],[120.68641691500011,15.047227544000066],[120.68636637600002,15.047261910000032],[120.6862956220001,15.047332664000066],[120.68682677900006,15.045922242000074],[120.68719132700005,15.04558021400004],[120.68770471100004,15.045202129000074],[120.68858010000008,15.044537152000032],[120.6886289040001,15.044507774000067],[120.6895015660001,15.043973510000058],[120.69162411000002,15.042591017000063],[120.69011255500004,15.040111596000031],[120.69140632500012,15.039091400000075],[120.69313478100003,15.037804756000071],[120.69185433400003,15.037225944000056],[120.69195689700007,15.037003725000034],[120.69196544400006,15.03695030700004],[120.69195689700007,15.03692466700005],[120.6919419400001,15.036896889000047],[120.69192698300003,15.036873386000025],[120.69374116600011,15.035913798000024],[120.69375409100007,15.035909401000026],[120.69376619400009,15.035910533000049],[120.69379729000002,15.035923506000074],[120.69360369100002,15.035102563000066],[120.69352833800008,15.034768470000074],[120.69348520400001,15.034597936000068],[120.69347991500001,15.03457254600005],[120.69347674100004,15.03454715600003],[120.69343696500005,15.03385645700007],[120.69342025200001,15.033612026000071],[120.69341372000008,15.033265667000023],[120.6933883590001,15.03291424400004],[120.69205976900002,15.03304597600004],[120.69188212600011,15.033061549000024],[120.691652782,15.033082422000064],[120.69163313500007,15.033009055000036],[120.691619908,15.032898825000075],[120.69158022500005,15.032735686000024],[120.69158022500005,15.032629866000036],[120.6915978620001,15.032528455000033],[120.69166840900004,15.032369724000034],[120.69177863800007,15.03218453900007],[120.69194177700001,15.031911170000058],[120.6921225540001,15.031602528000064],[120.6921798730001,15.031509935000031],[120.69220632800011,15.031417342000054],[120.69222837400002,15.031346796000037],[120.69224160100009,15.031280658000071],[120.69229010200002,15.031183656000053],[120.69250615200008,15.03091028700004],[120.6927045650001,15.030694238000024],[120.69283243100006,15.030557553000051],[120.69298597400007,15.03042329300007],[120.69304407100003,15.030367959000046],[120.6931260770001,15.030333877000032],[120.69350985400001,15.030219380000062],[120.69394663800006,15.030179094000061],[120.69471843200006,15.03013880800006],[120.69500136200008,15.030141198000024],[120.6948575340001,15.030397613000048],[120.69477751300008,15.030538858000057],[120.69476697900006,15.030575727000041],[120.69456946600008,15.031447419000074],[120.69455761500001,15.031490872000063],[120.69455103100006,15.031534325000052],[120.69453259700003,15.032055760000048],[120.69454049700005,15.032261174000041],[120.69458955200002,15.032818285000076],[120.694672147,15.03369127600007],[120.69474668800001,15.034492656000054],[120.69477768200011,15.035654901000044],[120.6947893040001,15.035840860000064],[120.69482029700009,15.036019071000055],[120.69485903900011,15.036181785000053],[120.69492489900006,15.036379366000062],[120.69504499800007,15.036762907000025],[120.69511085800002,15.036937244000057],[120.69519609000008,15.037142574000029],[120.69527357300001,15.03729366600004],[120.6953471810001,15.037448632000064],[120.69571910000002,15.037870914000052],[120.69590118500003,15.038022006000062],[120.69607552100001,15.038138230000072],[120.69627697700002,15.038242832000037],[120.69645518800007,15.038324189000036],[120.69666826600007,15.03840942100004],[120.69685422500004,15.038475281000046],[120.69710991900001,15.038564386000076],[120.6973462420001,15.038626373000056],[120.69756706900012,15.038672863000045],[120.6977917700001,15.038715478000029],[120.69800872200005,15.038734849000036],[120.6982489190001,15.038750346000029],[120.69850848700003,15.038765842000032],[120.69875643300009,15.038765842000032],[120.69904312000006,15.038742597000066],[120.69928719100005,15.038707730000056],[120.69953901400004,15.03864958400004],[120.69954955100002,15.038607440000021],[120.69957483700011,15.03857372400006],[120.69961487500007,15.038552652000021],[120.69964437600004,15.038542115000041],[120.6996970570001,15.03854000800004],[120.70004685700007,15.03859268900004],[120.70012271700011,15.03859479600004],[120.70018804100005,15.03858426000005],[120.7002344010001,15.03856740200007],[120.70028286700006,15.03853579400004],[120.7006278340001,15.03841628300006],[120.70121215600011,15.038213387000042],[120.70156406300009,15.038055345000032],[120.70186329,15.03786148000006],[120.7021035140001,15.03774347500007],[120.70226577100004,15.03763179200007],[120.70236270400005,15.037539074000051],[120.7025376040001,15.037353637000024],[120.70298433700009,15.036951156000043],[120.7033046360001,15.036685645000034],[120.70367129400006,15.036384311000063],[120.7041749220001,15.036019760000045],[120.70513160500002,15.035471880000046],[120.70532125600005,15.035360197000045],[120.70556780200002,15.035176868000065],[120.70600189100003,15.034955609000065],[120.70608828800005,15.034924000000046],[120.70617047000007,15.034909249000066],[120.70624843700011,15.034909249000066],[120.70633272700002,15.034915571000056],[120.70681739000008,15.035069399000065],[120.7076813540001,15.035473987000046],[120.70775721500002,15.035518239000055],[120.70782675300006,15.035575134000055],[120.70829877300002,15.036047154000073],[120.70859800000005,15.036474922000025],[120.70869704000006,15.036647715000072],[120.70877498200002,15.036828768000078],[120.70883401000003,15.036990140000057],[120.7089941590001,15.03753064500006],[120.70907761300009,15.037961127000074],[120.70911927600002,15.038366688000053],[120.70917617100008,15.039042319000032],[120.70926862600004,15.039582824000036],[120.70942153200008,15.040110768000034],[120.70957443800012,15.040578491000076],[120.70978068300008,15.04104787600005],[120.70997270400005,15.041403471000024],[120.7102976320001,15.041886557000055],[120.7106375190001,15.042297304000044],[120.7108059950001,15.042458582000052],[120.7109061540001,15.04254928000006],[120.71116367200011,15.042743391000045],[120.70925715300007,15.044305634000068],[120.70714413400003,15.046054713000046],[120.70705575900001,15.046129096000072],[120.70693763300005,15.04622392400006],[120.7052982990001,15.047274981000044],[120.7034942460001,15.048412318000032],[120.70285890600007,15.048867253000026],[120.70270595400007,15.048988831000031],[120.70258143500007,15.049116291000075],[120.70078718700006,15.050928187000068],[120.70070507100002,15.051171216000057],[120.70056408800008,15.051294729000062],[120.70053852400008,15.051679835000073],[120.70055192900008,15.051748297000074],[120.70054911400007,15.051760570000056],[120.7005414250001,15.051775521000025],[120.70052946500005,15.051789617000054],[120.70051726400004,15.051798836000046]]],[[[120.67542690500011,15.030576733000032],[120.67528416000005,15.03132746600005],[120.67520117200002,15.031672954000044],[120.67506351300005,15.032245942000031],[120.67503039100006,15.032400696000025],[120.6747290400001,15.033489788000054],[120.67456393000009,15.034114423000062],[120.67411356700006,15.035815772000035],[120.67394526500004,15.036453067000025],[120.67368088500007,15.037450635000027],[120.67346518900001,15.038259701000072],[120.67288951000012,15.040480178000053],[120.67279768000003,15.040821684000036],[120.67266759200004,15.04130062400003],[120.6706311480001,15.040174357000069],[120.67139350500008,15.038462649000053],[120.6715084980001,15.036521755000024],[120.67126597700008,15.036212426000077],[120.67198034500007,15.035493522000024],[120.67270188500004,15.033942256000046],[120.6728645180001,15.033260745000064],[120.67229456400003,15.032906119000074],[120.67249985700005,15.032602945000065],[120.67264630900002,15.032343398000023],[120.6727145430001,15.032065142000022],[120.67308220000007,15.030942696000068],[120.67313223800011,15.030817600000034],[120.67321563600001,15.030659145000072],[120.67329069300001,15.030500689000064],[120.6735909250001,15.029908566000074],[120.67372436100004,15.02971675200007],[120.67391617500004,15.029541617000064],[120.67408297000009,15.029341463000037],[120.6742414260001,15.029116290000047],[120.67436652200001,15.028957834000039],[120.67446973200003,15.02884296600007],[120.67460003500003,15.028690962000042],[120.67473347100008,15.02859922500005],[120.67488358700007,15.028440769000042],[120.67492528600008,15.028349032000051],[120.67490860600003,15.02820725600003],[120.67490860600003,15.028082160000054],[120.67494196500002,15.02791536500007],[120.67500034400007,15.027840307000076],[120.67495864500006,15.027656832000048],[120.6749336260001,15.02752339600005],[120.67495030500004,15.027381620000028],[120.67497532400012,15.027281543000072],[120.67495864500006,15.027148107000073],[120.6748585680001,15.027056370000025],[120.67475849100003,15.026989652000054],[120.67462505500009,15.026889574000052],[120.67457501600006,15.026789497000038],[120.67456667600004,15.026631042000076],[120.67465007400006,15.026439228000072],[120.67475849100003,15.026239073000056],[120.67483354900003,15.026055599000074],[120.67495864500006,15.02572200800006],[120.6750548010001,15.025603438000076],[120.67513715200005,15.025488267000071],[120.6752509260001,15.025404861000027],[120.67536441000004,15.025305888000048],[120.67545881900003,15.02522678300005],[120.67286044000002,15.022602729000027],[120.67285843400009,15.022600633000025],[120.6737360080001,15.021917330000065],[120.67391605500006,15.02183655600004],[120.67401965900001,15.021767486000044],[120.67404556000008,15.021707051000021],[120.67403261000004,15.021612081000058],[120.67403261000004,15.021573229000069],[120.67405419400006,15.021543012000052],[120.67406490300004,15.021504618000051],[120.67399036200004,15.021321991000036],[120.67390091200002,15.020949285000029],[120.6738246540001,15.020479151000075],[120.67379764100008,15.020173002000035],[120.67386067100006,15.019556202000047],[120.6739293060001,15.018899584000053],[120.67395424800009,15.018693812000038],[120.67399789700005,15.018481803000043],[120.67408519500009,15.018176262000054],[120.67417872800002,15.017833307000046],[120.67424731900007,15.017465410000057],[120.67427226100006,15.01724093100006],[120.67429096700005,15.017003980000027],[120.67431591000002,15.01681067800007],[120.67433461600001,15.016710910000029],[120.67721481600006,15.017281861000072],[120.67738029000009,15.016790481000044],[120.67850776000012,15.015138165000053],[120.67904175500007,15.01420347000004],[120.67915084100002,15.01422801900003],[120.67935168200006,15.014274127000022],[120.67959528900008,15.014343504000067],[120.68022357900009,15.014141094000024],[120.68087480400004,15.01381004500007],[120.6813440950001,15.013797921000048],[120.68228493000004,15.013494171000048],[120.68279146700002,15.013740760000076],[120.68266903300002,15.014097665000065],[120.68248701200002,15.014946154000029],[120.68229544300004,15.015629932000024],[120.68211762100009,15.01626237000005],[120.68207659600012,15.016400392000037],[120.68185774900007,15.017169351000064],[120.68182698800001,15.01754162900005],[120.68175487400003,15.017792662000033],[120.68172761900007,15.017856256000073],[120.68172307700002,15.017928936000033],[120.68170490700004,15.018206028000066],[120.68167765200008,15.018283250000025],[120.68164131200001,15.018328675000078],[120.68158226000003,15.018346845000053],[120.68151412200007,15.018355930000041],[120.68140050500006,15.018810367000071],[120.68137934300012,15.019059022000022],[120.68129998500001,15.019270643000027],[120.68123649900008,15.019566912000073],[120.68117830300002,15.019863181000062],[120.68115714100009,15.020154160000061],[120.68123649900008,15.020535078000023],[120.68141010600004,15.020876975000022],[120.6815486050001,15.020957766000038],[120.6816409380001,15.021055869000065],[120.68183714500003,15.021182827000075],[120.68167881900001,15.02157771700007],[120.68159514000001,15.021569348000071],[120.68151146100001,15.021562042000028],[120.68139844100006,15.02154482900005],[120.68126488100006,15.022092075000046],[120.68106019800007,15.022080472000027],[120.68036481600006,15.022542927000075],[120.68056448200002,15.02443031000007],[120.67917849900005,15.024251523000032],[120.67839700200011,15.024171336000052],[120.67744999900003,15.02406533900006],[120.67712809300008,15.024024793000024],[120.67707151800005,15.024064729000031],[120.67704244000004,15.024087579000025],[120.67701827100007,15.024121304000062],[120.67700143200011,15.024153085000023],[120.67698499100004,15.024204503000021],[120.67693840000004,15.024360916000035],[120.67688515300006,15.024547282000071],[120.6766855410001,15.025258458000053],[120.67652758500003,15.025814465000053],[120.67650413900003,15.025903742000025],[120.67647072000011,15.026000853000028],[120.67643597000006,15.02614617300003],[120.67631728000003,15.026884186000075],[120.67625590000011,15.027305573000035],[120.67615164800009,15.027880534000076],[120.67590839500008,15.028951479000057],[120.67570621100003,15.029700192000064],[120.67550718600012,15.030363609000062],[120.67542690500011,15.030576733000032]]],[[[120.70689498900003,15.01894360800003],[120.70697615200004,15.019432137000024],[120.70636155300008,15.02012600300003],[120.70648978200006,15.020243546000074],[120.70649755900001,15.020261712000035],[120.70650040800001,15.020281184000055],[120.7065008830001,15.020298756000045],[120.70649726200008,15.02031727800005],[120.70551417400009,15.022911775000068],[120.70530660400004,15.023425759000077],[120.70528549900007,15.023452474000067],[120.70526412800007,15.023470639000038],[120.70523527600005,15.023483462000058],[120.70520402000011,15.023486668000032],[120.70498119800004,15.023482727000044],[120.70475008300002,15.024417893000077],[120.70474346200001,15.024430141000039],[120.70473386200001,15.02443941000007],[120.70472194400008,15.024445369000034],[120.70470737900007,15.024449341000036],[120.70469314400009,15.024448017000054],[120.7046755990001,15.02444272100007],[120.70465937800009,15.02443676200005],[120.704642164,15.024428486000033],[120.7046209770001,15.024415244000068],[120.70459648000008,15.024397037000028],[120.70453628200005,15.024344782000071],[120.70441420800012,15.024220225000022],[120.70428563900009,15.024089067000034],[120.70426261400007,15.024067194000054],[120.70336702600002,15.023302827000066],[120.70273204600005,15.023952871000063],[120.70223165200002,15.023534146000031],[120.70248595500004,15.023214925000048],[120.70277696700009,15.02280520000005],[120.7025184260001,15.022588606000056],[120.70286703300008,15.022200549000047],[120.7028786940001,15.022182684000029],[120.70288564100008,15.022162835000074],[120.70288663400004,15.022140008000065],[120.70288043100004,15.022121647000063],[120.70223581900007,15.021578268000042],[120.701357701,15.020873761000075],[120.70134702600001,15.02086803900005],[120.70133402800002,15.02086455500006],[120.70132116100001,15.020863211000062],[120.70130736600004,15.020864591000077],[120.70129529600001,15.02086803900005],[120.701284052,15.020872446000055],[120.7012577480001,15.020889543000067],[120.70115911100004,15.020969768000043],[120.7009749880001,15.021099969000034],[120.70083558100009,15.021188085000063],[120.70080001800011,15.021166110000024],[120.70006343500006,15.020646162000048],[120.69969460400011,15.021557381000036],[120.69937956900003,15.021972786000049],[120.69898200900002,15.022229972000048],[120.69866179200005,15.022738077000042],[120.69817250000006,15.022680396000055],[120.69810024100002,15.023075450000022],[120.6980986860001,15.022940047000077],[120.6980916980001,15.022879487000068],[120.69806607700002,15.022835232000034],[120.69802415100003,15.022804952000058],[120.69796824900004,15.022779330000049],[120.69789837200005,15.022760696000034],[120.69784247100006,15.022760696000034],[120.6977819110001,15.022781659000032],[120.69773532600004,15.022807281000041],[120.69759284400004,15.022905322000042],[120.69827067800009,15.022145821000038],[120.69895667800006,15.021329154000057],[120.69784642800005,15.02043012300004],[120.69778664600005,15.020394957000065],[120.69749476900006,15.020166379000045],[120.69746312000007,15.02013121300007],[120.69745257000011,15.020085497000025],[120.69744553700002,15.02002923200007],[120.69746663600006,15.019972967000058],[120.69747718600001,15.019923735000077],[120.69747718600001,15.019863953000026],[120.69719080900006,15.019658476000075],[120.69688126900007,15.019449587000054],[120.69674412500001,15.019057203000045],[120.69667936200005,15.018661009000027],[120.69669079100004,15.01803624200005],[120.69670222000002,15.016958137000074],[120.69658066800002,15.016597385000068],[120.69646035900007,15.01658098200005],[120.69675621500005,15.01627506400007],[120.69729189300006,15.01577897900006],[120.69810327900007,15.014898609000056],[120.69840279900006,15.014638355000045],[120.69877637700006,15.014246735000029],[120.69944341100006,15.01357060500004],[120.70071481200011,15.012336223000034],[120.70160051300002,15.011485168000036],[120.70182100400007,15.011597898000048],[120.70185830100002,15.011564588000056],[120.70212690300002,15.011743743000068],[120.70232071700002,15.011998712000036],[120.70210174200008,15.012765093000041],[120.70211411200012,15.013012993000075],[120.70213327600004,15.013311178000038],[120.70219717600003,15.013743270000077],[120.7025973000001,15.013737911000021],[120.70265287600012,15.013547363000043],[120.70445055900007,15.015025551000065],[120.70623372800003,15.016385741000022],[120.70580458000006,15.01694184300004],[120.70663703600007,15.017621426000062],[120.70684840800004,15.017791645000045],[120.7074694910001,15.018304735000072],[120.70689498900003,15.01894360800003]]],[[[120.69646035900007,15.01658098200005],[120.69610660900003,15.016908751000074],[120.69568046100005,15.017331312000067],[120.69539303500005,15.017637899000022],[120.69473914200012,15.018272631000059],[120.69372014300006,15.019309491000058],[120.69333349700003,15.019692116000044],[120.6930837860001,15.019502916000022],[120.69271772200011,15.019212122000056],[120.6924768990001,15.01955330100003],[120.6923653450001,15.019465381000032],[120.69204431200001,15.019834372000048],[120.69190961600009,15.019737219000035],[120.69160508100003,15.02022224600006],[120.69141791000004,15.020085012000038],[120.69113033400004,15.020506573000034],[120.69096618000003,15.020388830000059],[120.69071036500009,15.020809159000066],[120.69060381500003,15.020735870000067],[120.69033885300007,15.02054781000004],[120.69006643700004,15.021024971000031],[120.68988306800009,15.020939899000041],[120.68974172900005,15.02087516000006],[120.68949454500012,15.021298326000021],[120.68920265000008,15.021206121000034],[120.68907695700011,15.021611653000036],[120.68872632900002,15.021525987000075],[120.68874133400004,15.02139760600005],[120.68876967800009,15.021255888000042],[120.68882303100008,15.021124173000032],[120.6888380360001,15.021065818000068],[120.68884470500007,15.021017467000036],[120.68884921100005,15.02098273200005],[120.688749916,15.020973051000055],[120.68852657500008,15.020857450000051],[120.68861277700012,15.02062544000006],[120.68843473300001,15.020566530000053],[120.68850641300003,15.020182196000064],[120.68842476800012,15.020178868000073],[120.68844883100007,15.019990557000028],[120.68833999600008,15.019986712000048],[120.6883527760001,15.019719098000053],[120.68815644800009,15.019728013000076],[120.68814781800006,15.019357195000055],[120.68797530900008,15.019396658000062],[120.68789546300002,15.019416553000042],[120.6877865670001,15.01897329600007],[120.68771366800001,15.018480407000027],[120.68761053100002,15.018103521000057],[120.68747923400008,15.017650217000039],[120.68782810100004,15.017628372000047],[120.68781252600002,15.017566071000033],[120.68778916300005,15.017515451000065],[120.6877619060001,15.017441468000072],[120.68773075500008,15.017410317000042],[120.68767586500007,15.017319887000042],[120.68759413500004,15.017266232000054],[120.6874977110001,15.017210098000078],[120.68742417500005,15.017188057000055],[120.68732636400011,15.017174427000043],[120.6872217230001,15.017145278000044],[120.68709897200006,15.017124754000065],[120.68704066200007,15.017110908000063],[120.68697912200003,15.017103253000073],[120.68692050400011,15.017103539000061],[120.6866970430001,15.017099657000074],[120.68671070300002,15.016830661000029],[120.68683692700006,15.01673154100007],[120.68690791800009,15.016567764000058],[120.68688425900007,15.016438265000033],[120.68676989700009,15.016346826000074],[120.6867304430001,15.016197311000042],[120.68669098900011,15.016041933000054],[120.68663177300004,15.015919876000055],[120.68650139400006,15.015957764000063],[120.68631152900002,15.016110068000046],[120.68605914600005,15.015466821000075],[120.68528856500006,15.014567397000064],[120.68279146700002,15.013740760000076],[120.68324685800008,15.010394105000046],[120.68194990000006,15.00955383400003],[120.68082757000002,15.007961563000038],[120.68115554000008,15.005666014000042],[120.68269862500006,15.004471842000044],[120.68389916100011,15.00460412700005],[120.6851302870001,15.00426313500003],[120.68704691800008,15.00412663000003],[120.6866896460001,15.005217335000054],[120.68766280400007,15.005537460000028],[120.68912799200007,15.004727493000075],[120.68984617300009,15.004483438000022],[120.69041581400006,15.004925203000028],[120.69112237600007,15.00524028500007],[120.69297350000011,15.007321467000054],[120.69519187300011,15.005025381000053],[120.69563371900006,15.005117797000025],[120.69605036200005,15.005138287000023],[120.69629625000005,15.005138287000023],[120.69652847700002,15.005110966000075],[120.69763497300005,15.004919720000032],[120.69805045600003,15.005012003000047],[120.69840240300005,15.005187977000048],[120.69862229300008,15.005562937000036],[120.70071481200011,15.012336223000034],[120.69944341100006,15.01357060500004],[120.69877637700006,15.014246735000029],[120.69840279900006,15.014638355000045],[120.69810327900007,15.014898609000056],[120.69729189300006,15.01577897900006],[120.69675621500005,15.01627506400007],[120.69646035900007,15.01658098200005]]],[[[120.69759284400004,15.022905322000042],[120.69684151000001,15.023803656000041],[120.69645491000006,15.024262031000035],[120.69616367600008,15.02460398900007],[120.69521758400003,15.025713666000058],[120.69497896600001,15.025976145000072],[120.69462044200009,15.02631481800006],[120.69418130300005,15.026642569000046],[120.69411312600005,15.026707337000062],[120.69404324600009,15.026787444000036],[120.69396484300012,15.026903344000061],[120.69386428300004,15.027056741000024],[120.69383637300007,15.027109463000045],[120.69372452100004,15.027322628000036],[120.6936614550001,15.027289350000046],[120.69290513500005,15.026855988000023],[120.69247594300009,15.026554212000065],[120.69177180000008,15.026011015000051],[120.6912218970001,15.025528174000044],[120.6910300180001,15.025320485000066],[120.69079918600005,15.025020404000031],[120.69064914600006,15.024812655000062],[120.69062737100012,15.024783439000032],[120.69046448000006,15.024564511000051],[120.69034329400006,15.024350992000052],[120.69026827300002,15.024114390000022],[120.69010092000008,15.02362387200003],[120.68996242100002,15.023139126000046],[120.68984123500002,15.022740941000052],[120.68967965200011,15.022458172000029],[120.6895238410001,15.022256194000022],[120.68940842500001,15.022169632000043],[120.68926992600007,15.02212346600004],[120.68914296900005,15.022100383000065],[120.68894676200011,15.022088841000027],[120.68852647900007,15.022081588000049],[120.68791956100006,15.022071529000073],[120.68705971200006,15.02216386200007],[120.68641338400005,15.022256194000022],[120.68619986400006,15.02226773600006],[120.68598057400004,15.02226773600006],[120.68521883000005,15.022152320000032],[120.6843705230001,15.021973425000056],[120.6837742240001,15.021798783000065],[120.68245462000004,15.021413659000075],[120.68183714500003,15.021182827000075],[120.6816409380001,15.021055869000065],[120.6815486050001,15.020957766000038],[120.68141010600004,15.020876975000022],[120.68123649900008,15.020535078000023],[120.68115714100009,15.020154160000061],[120.68117830300002,15.019863181000062],[120.68123649900008,15.019566912000073],[120.68129998500001,15.019270643000027],[120.68137934300012,15.019059022000022],[120.68140050500006,15.018810367000071],[120.68151412200007,15.018355930000041],[120.68158226000003,15.018346845000053],[120.68164131200001,15.018328675000078],[120.68167765200008,15.018283250000025],[120.68170490700004,15.018206028000066],[120.68172307700002,15.017928936000033],[120.68172761900007,15.017856256000073],[120.68175487400003,15.017792662000033],[120.68182698800001,15.01754162900005],[120.68185774900007,15.017169351000064],[120.68207659600012,15.016400392000037],[120.68211762100009,15.01626237000005],[120.68229544300004,15.015629932000024],[120.68248701200002,15.014946154000029],[120.68266903300002,15.014097665000065],[120.68279146700002,15.013740760000076],[120.68528856500006,15.014567397000064],[120.68605914600005,15.015466821000075],[120.68631152900002,15.016110068000046],[120.68650139400006,15.015957764000063],[120.68663177300004,15.015919876000055],[120.68669098900011,15.016041933000054],[120.6867304430001,15.016197311000042],[120.68676989700009,15.016346826000074],[120.68688425900007,15.016438265000033],[120.68690791800009,15.016567764000058],[120.68683692700006,15.01673154100007],[120.68671070300002,15.016830661000029],[120.6866970430001,15.017099657000074],[120.68692050400011,15.017103539000061],[120.68697912200003,15.017103253000073],[120.68704066200007,15.017110908000063],[120.68709897200006,15.017124754000065],[120.6872217230001,15.017145278000044],[120.68732636400011,15.017174427000043],[120.68742417500005,15.017188057000055],[120.6874977110001,15.017210098000078],[120.68759413500004,15.017266232000054],[120.68767586500007,15.017319887000042],[120.68773075500008,15.017410317000042],[120.6877619060001,15.017441468000072],[120.68778916300005,15.017515451000065],[120.68781252600002,15.017566071000033],[120.68782810100004,15.017628372000047],[120.68747923400008,15.017650217000039],[120.68761053100002,15.018103521000057],[120.68771366800001,15.018480407000027],[120.6877865670001,15.01897329600007],[120.68789546300002,15.019416553000042],[120.68797530900008,15.019396658000062],[120.68814781800006,15.019357195000055],[120.68815644800009,15.019728013000076],[120.6883527760001,15.019719098000053],[120.68833999600008,15.019986712000048],[120.68844883100007,15.019990557000028],[120.68842476800012,15.020178868000073],[120.68850641300003,15.020182196000064],[120.68843473300001,15.020566530000053],[120.68861277700012,15.02062544000006],[120.68852657500008,15.020857450000051],[120.688749916,15.020973051000055],[120.68884921100005,15.02098273200005],[120.68884470500007,15.021017467000036],[120.6888380360001,15.021065818000068],[120.68882303100008,15.021124173000032],[120.68876967800009,15.021255888000042],[120.68874133400004,15.02139760600005],[120.68872632900002,15.021525987000075],[120.68907695700011,15.021611653000036],[120.68920265000008,15.021206121000034],[120.68949454500012,15.021298326000021],[120.68974172900005,15.02087516000006],[120.68988306800009,15.020939899000041],[120.69006643700004,15.021024971000031],[120.69033885300007,15.02054781000004],[120.69060381500003,15.020735870000067],[120.69071036500009,15.020809159000066],[120.69096618000003,15.020388830000059],[120.69113033400004,15.020506573000034],[120.69141791000004,15.020085012000038],[120.69160508100003,15.02022224600006],[120.69190961600009,15.019737219000035],[120.69204431200001,15.019834372000048],[120.6923653450001,15.019465381000032],[120.6924768990001,15.01955330100003],[120.69271772200011,15.019212122000056],[120.6930837860001,15.019502916000022],[120.69333349700003,15.019692116000044],[120.69372014300006,15.019309491000058],[120.69473914200012,15.018272631000059],[120.69539303500005,15.017637899000022],[120.69568046100005,15.017331312000067],[120.69610660900003,15.016908751000074],[120.69646035900007,15.01658098200005],[120.69658066800002,15.016597385000068],[120.69670222000002,15.016958137000074],[120.69669079100004,15.01803624200005],[120.69667936200005,15.018661009000027],[120.69674412500001,15.019057203000045],[120.69688126900007,15.019449587000054],[120.69719080900006,15.019658476000075],[120.69747718600001,15.019863953000026],[120.69747718600001,15.019923735000077],[120.69746663600006,15.019972967000058],[120.69744553700002,15.02002923200007],[120.69745257000011,15.020085497000025],[120.69746312000007,15.02013121300007],[120.69749476900006,15.020166379000045],[120.69778664600005,15.020394957000065],[120.69784642800005,15.02043012300004],[120.69895667800006,15.021329154000057],[120.69827067800009,15.022145821000038],[120.69759284400004,15.022905322000042]]],[[[120.691652782,15.033082422000064],[120.69146833700006,15.033098684000038],[120.69051529500007,15.03318358200005],[120.68980375800004,15.033247739000046],[120.68889025400006,15.033333796000022],[120.68868620100011,15.033352920000027],[120.68754234800008,15.033523841000033],[120.68736266300004,15.033585197000036],[120.68705326300005,15.033201610000049],[120.68784277100008,15.032472333000044],[120.6885078790001,15.033148906000065],[120.68858198600003,15.033114875000024],[120.68876717100011,15.032947326000055],[120.68913313300004,15.032621047000077],[120.68968868900004,15.032166902000029],[120.68997969400004,15.031893533000073],[120.69021779000002,15.031686302000026],[120.69038533800006,15.031571664000069],[120.69062343400003,15.031386478000059],[120.69073807300003,15.03128947600004],[120.69087034800009,15.031170429000042],[120.69111285200006,15.030919106000056],[120.69134213000007,15.030698647000065],[120.69160668000006,15.030487006000044],[120.69186682200007,15.030226865000031],[120.69196823300001,15.030147500000055],[120.69217546400012,15.029887359000043],[120.6922945120001,15.029777129000024],[120.69253701600007,15.029622808000056],[120.6925899260001,15.029609580000056],[120.69263842700002,15.029636036000056],[120.69268251900007,15.029680127000063],[120.69275747500001,15.029741856000044],[120.69282844500003,15.02980539400005],[120.69289415900005,15.029966724000076],[120.69297793400006,15.030103408000059],[120.69303966200005,15.030218047000062],[120.6931260770001,15.030333877000032],[120.69304407100003,15.030367959000046],[120.69298597400007,15.03042329300007],[120.69283243100006,15.030557553000051],[120.6927045650001,15.030694238000024],[120.69250615200008,15.03091028700004],[120.69229010200002,15.031183656000053],[120.69224160100009,15.031280658000071],[120.69222837400002,15.031346796000037],[120.69220632800011,15.031417342000054],[120.6921798730001,15.031509935000031],[120.6921225540001,15.031602528000064],[120.69194177700001,15.031911170000058],[120.69177863800007,15.03218453900007],[120.69166840900004,15.032369724000034],[120.6915978620001,15.032528455000033],[120.69158022500005,15.032629866000036],[120.69158022500005,15.032735686000024],[120.691619908,15.032898825000075],[120.69163313500007,15.033009055000036],[120.691652782,15.033082422000064]]],[[[120.68756014200005,15.026158345000056],[120.68730356600008,15.02596079500006],[120.68681328700006,15.02653841700004],[120.6865984310001,15.026744915000052],[120.68646854100007,15.02689672400004],[120.68579963900004,15.027677577000077],[120.6854497810001,15.028166172000056],[120.68517230700002,15.028491902000042],[120.68494912200003,15.02876937600007],[120.6843881420001,15.02964402200007],[120.6842795660001,15.029794823000032],[120.68411670100011,15.029969752000056],[120.683715129,15.030570038000064],[120.68337139800008,15.030988733000072],[120.68158594600004,15.032951669000056],[120.6810392650001,15.033594250000021],[120.68079644200009,15.033453769000062],[120.68037381900001,15.033135856000058],[120.68059957000003,15.032871605000025],[120.68020548200002,15.032549438000046],[120.67996284700007,15.032776664000039],[120.67897736900011,15.031965397000022],[120.67873275800002,15.031809016000068],[120.67707202500003,15.03096305300005],[120.67677577100005,15.031594713000061],[120.6763000850001,15.031358453000053],[120.67565653100007,15.03099260700003],[120.67542690500011,15.030576733000032],[120.67550718600012,15.030363609000062],[120.67570621100003,15.029700192000064],[120.67590839500008,15.028951479000057],[120.67615164800009,15.027880534000076],[120.67625590000011,15.027305573000035],[120.67631728000003,15.026884186000075],[120.67643597000006,15.02614617300003],[120.67647072000011,15.026000853000028],[120.67650413900003,15.025903742000025],[120.67652758500003,15.025814465000053],[120.6766855410001,15.025258458000053],[120.67688515300006,15.024547282000071],[120.67693840000004,15.024360916000035],[120.67698499100004,15.024204503000021],[120.67700143200011,15.024153085000023],[120.67701827100007,15.024121304000062],[120.67704244000004,15.024087579000025],[120.67707151800005,15.024064729000031],[120.67712809300008,15.024024793000024],[120.67744999900003,15.02406533900006],[120.67839700200011,15.024171336000052],[120.67917849900005,15.024251523000032],[120.68056448200002,15.02443031000007],[120.68036481600006,15.022542927000075],[120.68106019800007,15.022080472000027],[120.68126488100006,15.022092075000046],[120.68139844100006,15.02154482900005],[120.68151146100001,15.021562042000028],[120.68159514000001,15.021569348000071],[120.68167881900001,15.02157771700007],[120.68183714500003,15.021182827000075],[120.68245462000004,15.021413659000075],[120.6837742240001,15.021798783000065],[120.6843705230001,15.021973425000056],[120.68521883000005,15.022152320000032],[120.68598057400004,15.02226773600006],[120.68619986400006,15.02226773600006],[120.68641338400005,15.022256194000022],[120.68705971200006,15.02216386200007],[120.68791956100006,15.022071529000073],[120.68852647900007,15.022081588000049],[120.68894676200011,15.022088841000027],[120.68914296900005,15.022100383000065],[120.68926992600007,15.02212346600004],[120.68940842500001,15.022169632000043],[120.6895238410001,15.022256194000022],[120.68967965200011,15.022458172000029],[120.68984123500002,15.022740941000052],[120.68996242100002,15.023139126000046],[120.69010092000008,15.02362387200003],[120.69026827300002,15.024114390000022],[120.69034329400006,15.024350992000052],[120.69046448000006,15.024564511000051],[120.69062737100012,15.024783439000032],[120.69064914600006,15.024812655000062],[120.69079918600005,15.025020404000031],[120.69074945500006,15.025064843000052],[120.69067515600011,15.025106451000056],[120.69061571600002,15.025145087000055],[120.69058005200009,15.025171835000037],[120.69049980800003,15.025228303000063],[120.6904373970001,15.025287742000046],[120.69038984500003,15.025338266000063],[120.69031554500009,15.025412566000057],[120.69023530100003,15.025463090000073],[120.69017883300012,15.02549281000006],[120.69010156200011,15.025501726000073],[120.690030234,15.025495782000064],[120.68997079400003,15.02552550200005],[120.68992027000002,15.025578997000025],[120.68984416500007,15.025669650000054],[120.68976869900007,15.02576623300007],[120.68974195100009,15.025807841000073],[120.68970331500009,15.02584944800003],[120.68964387500012,15.025885112000026],[120.68958146300008,15.025968328000033],[120.68954282800007,15.026027768000063],[120.68941107700005,15.026100589000066],[120.68925079000007,15.026262043000031],[120.68917707300011,15.026311318000069],[120.68909208700006,15.026150444000052],[120.68894527000009,15.026228338000067],[120.68865416500012,15.026177569000026],[120.68852642500008,15.026145198000052],[120.6883627310001,15.02612268300004],[120.68824689600001,15.026104911000061],[120.68807805800009,15.026058786000021],[120.68793853200009,15.026010462000045],[120.68782333000001,15.026026812000055],[120.68766715900006,15.026079929000048],[120.68756014200005,15.026158345000056]]],[[[120.6931260770001,15.030333877000032],[120.69303966200005,15.030218047000062],[120.69297793400006,15.030103408000059],[120.69289415900005,15.029966724000076],[120.69282844500003,15.02980539400005],[120.69275747500001,15.029741856000044],[120.69268251900007,15.029680127000063],[120.69263842700002,15.029636036000056],[120.6925899260001,15.029609580000056],[120.69253701600007,15.029622808000056],[120.6922945120001,15.029777129000024],[120.69217546400012,15.029887359000043],[120.69196823300001,15.030147500000055],[120.69186682200007,15.030226865000031],[120.69160668000006,15.030487006000044],[120.69134213000007,15.030698647000065],[120.69111285200006,15.030919106000056],[120.69087034800009,15.031170429000042],[120.69073807300003,15.03128947600004],[120.69062343400003,15.031386478000059],[120.69038533800006,15.031571664000069],[120.69021779000002,15.031686302000026],[120.68997969400004,15.031893533000073],[120.68968868900004,15.032166902000029],[120.68913313300004,15.032621047000077],[120.68876717100011,15.032947326000055],[120.68858198600003,15.033114875000024],[120.6885078790001,15.033148906000065],[120.68784277100008,15.032472333000044],[120.68937133700001,15.031167589000063],[120.68903613600003,15.030838881000022],[120.68951460700009,15.030357365000043],[120.68959567000002,15.030437766000034],[120.6896543690001,15.030500072000052],[120.69025822000003,15.029954987000053],[120.68988289900005,15.029579342000034],[120.69050192100008,15.02915709000007],[120.69103054000004,15.028791123000076],[120.69150099600006,15.028510456000049],[120.69101282400004,15.027749966000044],[120.69070364800007,15.027187103000074],[120.69013706500004,15.026462253000034],[120.68971960400006,15.02654708600005],[120.68945909800004,15.026593357000024],[120.68927121000002,15.026401183000075],[120.68917707300011,15.026311318000069],[120.68925079000007,15.026262043000031],[120.68941107700005,15.026100589000066],[120.68954282800007,15.026027768000063],[120.68958146300008,15.025968328000033],[120.68964387500012,15.025885112000026],[120.68970331500009,15.02584944800003],[120.68974195100009,15.025807841000073],[120.68976869900007,15.02576623300007],[120.68984416500007,15.025669650000054],[120.68992027000002,15.025578997000025],[120.68997079400003,15.02552550200005],[120.690030234,15.025495782000064],[120.69010156200011,15.025501726000073],[120.69017883300012,15.02549281000006],[120.69023530100003,15.025463090000073],[120.69031554500009,15.025412566000057],[120.69038984500003,15.025338266000063],[120.6904373970001,15.025287742000046],[120.69049980800003,15.025228303000063],[120.69058005200009,15.025171835000037],[120.69061571600002,15.025145087000055],[120.69067515600011,15.025106451000056],[120.69074945500006,15.025064843000052],[120.69079918600005,15.025020404000031],[120.6910300180001,15.025320485000066],[120.6912218970001,15.025528174000044],[120.69177180000008,15.026011015000051],[120.69247594300009,15.026554212000065],[120.69290513500005,15.026855988000023],[120.6936614550001,15.027289350000046],[120.69372452100004,15.027322628000036],[120.69381061100012,15.027351973000066],[120.69401214200002,15.02743736800005],[120.69408045800003,15.027459001000068],[120.69452564900007,15.027562613000043],[120.6945825790001,15.027578554000058],[120.6946349540001,15.027596771000049],[120.69472831900009,15.027638899000067],[120.69476608100001,15.027660507000064],[120.69480574300007,15.027691275000052],[120.69484445600006,15.02772201700003],[120.69488544500007,15.02775503600003],[120.69507900600001,15.02794632000007],[120.69524638000007,15.028120525000077],[120.69527029000005,15.02815012800005],[120.69533291300002,15.028285621000066],[120.69538642700002,15.028407451000078],[120.69539212000007,15.028432500000065],[120.69539325800008,15.028463242000043],[120.69535820200008,15.028753338000058],[120.69535161900001,15.028788890000044],[120.69525286200007,15.02904434100003],[120.69523574400012,15.02910096100004],[120.6952252100001,15.029162849000045],[120.69518834100006,15.029467019000037],[120.69514488800007,15.029815960000064],[120.69513303700012,15.029848878000053],[120.69500136200008,15.030141198000024],[120.69471843200006,15.03013880800006],[120.69394663800006,15.030179094000061],[120.69350985400001,15.030219380000062],[120.6931260770001,15.030333877000032]]],[[[120.63688766300004,15.095338656000024],[120.63658848800003,15.095763975000068],[120.63593328600007,15.09664598300003],[120.63539277500001,15.096121793000066],[120.6347969840001,15.095520610000051],[120.63478035900005,15.095489258000043],[120.6347739690001,15.095454910000058],[120.63478035900005,15.095422959000075],[120.63479968000001,15.095393903000058],[120.63517710400004,15.095070397000029],[120.6337051490001,15.093797938000023],[120.63302945600003,15.09322568500005],[120.63287037100008,15.093138509000028],[120.62912645100005,15.09104340700003],[120.62958932200002,15.090503845000057],[120.6306077910001,15.089339044000042],[120.63114940500009,15.08872670200003],[120.63204513400001,15.087683636000065],[120.63260705200003,15.087036012000056],[120.63279187400008,15.086823902000049],[120.6329736460001,15.086612653000032],[120.63370073500005,15.08578239600007],[120.63437869600011,15.08500618000005],[120.63488684000004,15.084408960000076],[120.63502728500009,15.084251484000049],[120.63651220500003,15.082546978000039],[120.63807597200002,15.080760372000043],[120.6382882370001,15.080518393000034],[120.63798055300003,15.080272222000076],[120.63784682700009,15.080169975000047],[120.63759187800008,15.079991225000072],[120.63729401000012,15.079814330000033],[120.63691363100008,15.079547484000045],[120.63657223900009,15.079388464000033],[120.63642139800004,15.079287911000051],[120.63622209000005,15.079162808000035],[120.63611962200002,15.079069970000035],[120.63596283600009,15.07896400900006],[120.63574461900009,15.078823870000065],[120.63558317100001,15.078673213000059],[120.63543429900005,15.078494145000036],[120.63532417900001,15.078348595000023],[120.63517592300002,15.078160977000039],[120.63501194900005,15.077961755000047],[120.63487976500005,15.077832698000066],[120.63478257100007,15.07766928600006],[120.6347151760001,15.077547012000025],[120.63465416400004,15.07736823600004],[120.63464828600002,15.07728456600006],[120.63466516900007,15.077224949000026],[120.63484452500006,15.077097540000068],[120.63497741700007,15.07703652400005],[120.63499202300011,15.077031541000053],[120.63510744200005,15.077005892000045],[120.63522439500002,15.07698007700003],[120.63536651700008,15.076961525000058],[120.63550839800007,15.076980630000037],[120.6356198420001,15.077003563000062],[120.63574286700009,15.077003446000049],[120.63588451200008,15.076968527000076],[120.63608585100008,15.076876845000072],[120.63616673900003,15.07681665900003],[120.63623979700003,15.076737743000024],[120.63625195300006,15.076656147000051],[120.63623409500008,15.076568388000055],[120.63618606300008,15.076524996000046],[120.63613783400001,15.076507066000033],[120.63605945000006,15.076507303000028],[120.6360005030001,15.076478518000044],[120.63600616500003,15.076403232000075],[120.6361079400001,15.07615235000003],[120.6363795960001,15.07578578500005],[120.63651130000005,15.075618336000048],[120.636590049,15.075468320000027],[120.63670009900011,15.075382894000029],[120.63676178300011,15.07535155200003],[120.6368361640001,15.075307949000035],[120.63689515600004,15.075243827000065],[120.6369361940001,15.075202789000059],[120.63697955100008,15.075151294000023],[120.6370233990001,15.075084805000074],[120.63706187200012,15.075000164000073],[120.6370798260001,15.07493091300006],[120.63710291000007,15.074841143000071],[120.63711830000011,15.074766761000035],[120.6371490780001,15.074702640000055],[120.6371798560001,15.074625694000076],[120.6372007120001,15.07452605800006],[120.63726243200006,15.07441332600007],[120.63741478700001,15.07418148000005],[120.63761763800005,15.073970963000022],[120.63762264800005,15.073966736000045],[120.637682874,15.073919961000058],[120.6377058280001,15.073877333000041],[120.63796487700006,15.07362812100007],[120.638374741,15.073403080000048],[120.63850301900004,15.073325616000034],[120.63858991300003,15.073269494000044],[120.63862733500002,15.07321108900004],[120.638618586,15.073162280000076],[120.6385856060001,15.07309510400006],[120.63856371800011,15.073035977000075],[120.6386063440001,15.072974036000062],[120.63865048100001,15.072899690000042],[120.63868678500012,15.072852125000054],[120.63873445100012,15.07279610300003],[120.63878489100011,15.072745446000056],[120.63882410500003,15.072697449000032],[120.63887216800003,15.072651721000057],[120.63971848800009,15.073708310000029],[120.63991778600007,15.07356715000003],[120.64018151300002,15.073401879000073],[120.64039056000001,15.07361856700004],[120.64240219100009,15.075819078000052],[120.64297955000006,15.07515548400005],[120.64350096300006,15.074547348000067],[120.64401226200005,15.073973132000049],[120.64402678600004,15.07395686600006],[120.64407961300003,15.073896774000048],[120.64504499000009,15.072797648000062],[120.64539545100001,15.07238912300005],[120.64663761800011,15.070966541000075],[120.64690927700008,15.07066792300003],[120.64730093600008,15.070220635000055],[120.64827289800007,15.069095683000057],[120.64901523800006,15.06823489900006],[120.64927659800003,15.06793215700003],[120.64961534700001,15.06754185400007],[120.65043738200006,15.068080949000034],[120.65009692100011,15.068429323000032],[120.64958732600007,15.069038351000074],[120.64926345700007,15.069396075000043],[120.65010736800002,15.070288486000038],[120.65037897100001,15.070366087000025],[120.64936045800005,15.071549502000039],[120.65040807100002,15.072490413000025],[120.65174668800012,15.071306999000058],[120.65285308700004,15.072183554000048],[120.65297885100006,15.072105528000066],[120.65313579500003,15.072003191000022],[120.65341611300005,15.071820108000054],[120.65350707900006,15.071764001000076],[120.65385315900005,15.071536317000039],[120.65395334000004,15.071486226000047],[120.65404441400005,15.071445243000028],[120.65410361200009,15.071404260000065],[120.65420379300008,15.071272203000035],[120.6542425780001,15.071232572000042],[120.6542857600001,15.071185683000067],[120.65430745300011,15.07116489300006],[120.6543234720001,15.071160488000032],[120.65433828900007,15.071160488000032],[120.65435364000007,15.07116489200007],[120.65369083600001,15.072111494000069],[120.65350113600005,15.072382202000028],[120.65331073700008,15.072653848000073],[120.6531126000001,15.072936709000032],[120.65291026300008,15.073225689000026],[120.65267742900005,15.073557994000055],[120.65256512300004,15.073715196000023],[120.65243723200001,15.073892715000056],[120.65158856800008,15.07506612700007],[120.65085747900002,15.076077944000076],[120.6491403330001,15.078454437000062],[120.6489248470001,15.078753456000072],[120.64884395000001,15.078868754000041],[120.6485041200001,15.079351037000038],[120.64730698200003,15.081049111000027],[120.64711923000004,15.081315440000026],[120.64685523900005,15.081684167000049],[120.64637035500004,15.082387296000036],[120.64619270100002,15.082609364000064],[120.64607513500005,15.082779181000035],[120.6456309990001,15.08339052100007],[120.64501182100003,15.084273568000071],[120.64458336000007,15.084824820000051],[120.6444553450001,15.084989411000038],[120.64417752800011,15.085383100000058],[120.6433634440001,15.086528284000053],[120.64306116000012,15.08693661500007],[120.6429906520001,15.087075280000022],[120.64290839300008,15.087225696000075],[120.642854338,15.08729620400004],[120.64277207900011,15.087373762000027],[120.64270392200001,15.087430168000026],[120.64243129300007,15.087714548000065],[120.64238428800002,15.087806208000075],[120.64162750700007,15.088882623000075],[120.64133675400001,15.089096641000026],[120.64098274000003,15.089572348000047],[120.64061028700007,15.090084932000025],[120.64036444400006,15.090426654000055],[120.64024152200011,15.090585223000062],[120.64009155800011,15.090797877000057],[120.63973454800009,15.091293747000066],[120.63927374600007,15.09192635900007],[120.6391625650001,15.09207841600005],[120.6390639330001,15.092194268000071],[120.63881654500005,15.092527498000038],[120.63800016700009,15.093655439000031],[120.63770530700003,15.09405914000007],[120.63743019600008,15.09442438700006],[120.63734423900007,15.094575090000035],[120.6371544640001,15.094831845000044],[120.63703948300008,15.095096414000068],[120.63688766300004,15.095338656000024]]],[[[120.61710230100005,15.122292060000063],[120.61291533400004,15.118569265000076],[120.61281041400002,15.118474571000036],[120.61191411800007,15.119713449000074],[120.61034897700006,15.121753795000075],[120.60958542200001,15.120703167000045],[120.60887123200007,15.121199430000047],[120.60739348600009,15.122222536000038],[120.60723812000003,15.122473253000067],[120.60613317400009,15.123246169000026],[120.6048728620001,15.124130387000037],[120.60451961800004,15.12437817700004],[120.60416260500006,15.124629783000046],[120.60402093000005,15.124416526000061],[120.60385434700004,15.124516880000044],[120.60353454900007,15.124095288000035],[120.60328731800007,15.123782400000039],[120.60293335800009,15.123610980000024],[120.60272101300006,15.123926442000027],[120.60257938000007,15.124070772000039],[120.60228286800009,15.12391930900003],[120.60143857600008,15.123480665000045],[120.60035398800005,15.122893711000074],[120.59997220900004,15.123044293000078],[120.59957455900008,15.122739489000026],[120.59956766300002,15.122734069000046],[120.59866345800003,15.122023396000031],[120.59859360400003,15.121871869000074],[120.59863913200002,15.121758347000025],[120.59866192600009,15.12168815800004],[120.59847093100007,15.12162316000007],[120.59838387100001,15.121577141000046],[120.59823845200003,15.121405149000054],[120.59823317400003,15.121398906000024],[120.59826243000009,15.121341852000057],[120.5991503140001,15.120602026000029],[120.59958953600005,15.12030642600007],[120.60033152500012,15.119850190000022],[120.60058322900011,15.119668199000046],[120.6009803290001,15.119884907000028],[120.60105352900007,15.11993370600004],[120.60116855700005,15.119961592000038],[120.601231299,15.119951135000065],[120.60126964200003,15.119902335000063],[120.60129752800003,15.119825650000053],[120.60147181200011,15.119473595000045],[120.60161124000001,15.119306282000025],[120.60176112500005,15.119198225000048],[120.60185872400007,15.119118054000069],[120.60197723800002,15.118919370000071],[120.60204695200002,15.118800856000064],[120.60209226600011,15.118759028000056],[120.60225260800007,15.11868931400005],[120.60230489300011,15.118661428000053],[120.60233975000006,15.118595200000073],[120.60234672100012,15.118504572000063],[120.60236066400012,15.118448801000056],[120.60242689200004,15.118368630000077],[120.60249312000008,15.118319830000075],[120.60261163400003,15.118253602000038],[120.60297763200003,15.118037489000073],[120.60316585900011,15.117912004000061],[120.60331923000001,15.117800462000048],[120.6034342580001,15.117702862000044],[120.60349700000006,15.117654063000032],[120.60344088500005,15.117550636000033],[120.60332953200009,15.117474447000063],[120.60315371100012,15.117374815000062],[120.60298375000002,15.117298626000036],[120.60283123500005,15.117235515000061],[120.60325614400006,15.116728098000067],[120.60339228100008,15.116525957000022],[120.60358172500003,15.116198636000036],[120.60371339700009,15.115831582000055],[120.60385620900001,15.115418722000072],[120.60475358500003,15.112449369000046],[120.605142709,15.111196118000066],[120.60536384200009,15.110472408000078],[120.6054900470001,15.110127846000069],[120.60573239900009,15.109272924000038],[120.60618136700009,15.107791998000039],[120.60624569200002,15.107669421000026],[120.60671744900003,15.10618375200005],[120.60687063400007,15.105800376000047],[120.60714594900003,15.104910634000078],[120.6076387920001,15.103515403000074],[120.60913067800004,15.101343326000062],[120.60992904000011,15.100277109000046],[120.61008797000011,15.100064360000033],[120.61246465700003,15.101447625000048],[120.61342584500005,15.102021757000045],[120.6139824490001,15.101350159000049],[120.61598700400009,15.102721817000031],[120.61605122600008,15.102653007000072],[120.61611086100004,15.102588784000034],[120.61621178300004,15.102497038000024],[120.61625765600002,15.102432815000043],[120.61631270400005,15.102345656000068],[120.61632646600003,15.102249322000034],[120.61633564100009,15.102185099000053],[120.61644573700005,15.102042892000043],[120.6164870230001,15.102001606000044],[120.61654207100003,15.101969494000059],[120.61659711900006,15.101978669000061],[120.61662464300002,15.102029130000062],[120.61668886500001,15.102056654000023],[120.61671180200005,15.10203371700004],[120.61678061200007,15.101997018000077],[120.61687235900001,15.101946558000066],[120.6169503430001,15.101886922000062],[120.61706502700008,15.101804350000066],[120.61715218600011,15.101740128000074],[120.61749623600008,15.101579571000059],[120.61762926800009,15.101524523000023],[120.61775312600003,15.101432776000024],[120.61788615900002,15.101272220000055],[120.61807424000006,15.10109790100006],[120.618299019,15.100914408000051],[120.61970844200005,15.101835151000046],[120.6187209850001,15.102937723000025],[120.61745781100001,15.104361485000027],[120.61494556900004,15.107246643000053],[120.61414938400003,15.108165051000071],[120.61287215100003,15.10962233500004],[120.61475897000003,15.11100616300007],[120.61458555900003,15.11122982300003],[120.6155609760001,15.111992010000051],[120.61553818800007,15.11238282100004],[120.61589083600006,15.112726895000037],[120.61624348300006,15.113077401000055],[120.6173997300001,15.114180859000044],[120.6196838830001,15.116313984000044],[120.61982214300008,15.116468694000048],[120.62037833400007,15.116992592000031],[120.62042183100004,15.117032817000052],[120.62073586400004,15.117319904000055],[120.61980856900004,15.118581888000051],[120.61853980600006,15.120333380000034],[120.61785629700012,15.121239029000037],[120.61710230100005,15.122292060000063]]],[[[120.64307404200008,15.06488383900006],[120.64238744500005,15.06519256200005],[120.64024046200007,15.062769295000066],[120.64023096000005,15.062718614000062],[120.64019295000003,15.06268693900006],[120.64012959900003,15.062671102000024],[120.64007891900008,15.062677437000048],[120.64002190300005,15.062642594000067],[120.64000606600007,15.06258241100005],[120.63999339600002,15.06252539600007],[120.63996805600004,15.062471548000076],[120.63992054300002,15.062439873000073],[120.6398730300001,15.062405030000036],[120.6398635270001,15.062363852000033],[120.63985085700006,15.062313172000074],[120.63979701000005,15.062256156000046],[120.63972098900001,15.062221314000055],[120.63788417300009,15.059064146000026],[120.63683741300008,15.05820755600007],[120.63866757500011,15.056363993000048],[120.63900386400007,15.05614440200003],[120.64175505900005,15.054537633000052],[120.64252588800002,15.054849967000052],[120.64403711600005,15.051321858000051],[120.64631917400004,15.045997377000049],[120.6465092740001,15.045338965000042],[120.64680858200006,15.045005685000035],[120.64809770700003,15.045555998000054],[120.64822206800011,15.045570629000053],[120.6486683060001,15.045753513000022],[120.64889508300007,15.045885190000035],[120.6491584370001,15.045965659000046],[120.65022648200011,15.046309482000026],[120.65030695200005,15.046324113000026],[120.65039473600007,15.046316797000031],[120.65046789000007,15.046272905000023],[120.6507166130001,15.04590713600004],[120.65076050500011,15.04581203600003],[120.65077207600007,15.04578867400005],[120.65078636500004,15.045767241000021],[120.65080167400004,15.045748359000072],[120.65081902800011,15.045731567000075],[120.65084300900003,15.04572590600003],[120.65086342100005,15.045723864000024],[120.65088077200005,15.045725395000034],[120.65091412800007,15.045731567000075],[120.6522455280001,15.046455790000039],[120.65316726600008,15.046945920000041],[120.65388486400002,15.047260043000051],[120.65395553500002,15.047667764000039],[120.65396097200005,15.047803671000054],[120.65392835400007,15.047939578000069],[120.65367284900003,15.048488642000052],[120.65353694200007,15.048771328000043],[120.65520330200002,15.050217762000045],[120.65736764600001,15.052183805000027],[120.65693260900002,15.052390414000058],[120.6567872820001,15.052449989000024],[120.65630711300003,15.052661150000063],[120.65502991400001,15.053337345000045],[120.65517353400003,15.053498281000032],[120.65538036700002,15.053675946000055],[120.65560311100012,15.05392520600003],[120.65577812300012,15.054134691000058],[120.65587249100008,15.054263884000022],[120.65590562800003,15.054307936000043],[120.65459866000003,15.054843386000073],[120.65374716100007,15.053913830000056],[120.65244242400001,15.054524829000059],[120.65082504800012,15.055147598000076],[120.6510608100001,15.055377129000021],[120.65074924800001,15.055625157000065],[120.65115421100006,15.056095213000049],[120.64970958300012,15.057385339000064],[120.64892156600001,15.056966518000024],[120.647719144,15.058145418000038],[120.64590585100007,15.058047448000025],[120.64562818700006,15.05837182700003],[120.64537884300012,15.058536968000055],[120.64506877600002,15.058761393000054],[120.64472060700007,15.059051297000053],[120.64543991800008,15.059604922000062],[120.64663321000012,15.060721211000043],[120.6456905010001,15.061659508000048],[120.64330855900005,15.064240572000074],[120.64325656400001,15.064282664000075],[120.64322437600003,15.064328469000031],[120.64318098700005,15.064441799000065],[120.6431731990001,15.064558828000031],[120.64314989400009,15.064615068000023],[120.64313421500003,15.064673235000043],[120.64307404200008,15.06488383900006]]],[[[120.64169461800009,15.107959653000023],[120.64114723400007,15.108093706000034],[120.64019489800012,15.108188661000042],[120.63996309800007,15.108266858000036],[120.63586809700007,15.10381071300003],[120.63563386900012,15.103705586000046],[120.63558077000005,15.10369593200005],[120.63552043000004,15.103698345000055],[120.63543112800005,15.10371845900005],[120.63535027300009,15.103746712000031],[120.63522227100009,15.103831077000052],[120.6349449280001,15.104075543000022],[120.63468669300005,15.104259997000042],[120.63446534800005,15.104481342000042],[120.63429670400001,15.104739577000032],[120.6341227900001,15.104913491000048],[120.63363794000009,15.105387801000063],[120.63342186500006,15.105661847000022],[120.6332584920001,15.105862112000068],[120.63301079600001,15.106125617000032],[120.6324152740001,15.106668439000032],[120.63226771000006,15.106779111000037],[120.63218338900003,15.106837083000073],[120.63205690600012,15.106873974000052],[120.63162475600006,15.106963565000058],[120.63131909000003,15.107042617000047],[120.63099761300009,15.107169100000021],[120.63058127400006,15.107379904000027],[120.6301069640001,15.107669761000068],[120.62959049300002,15.108038669000052],[120.62903186100004,15.108486628000037],[120.62856282000007,15.108955668000021],[120.62807797000005,15.109403628000052],[120.62803053900006,15.109466869000073],[120.62783027500006,15.109704025000042],[120.62679586800004,15.110743515000024],[120.62672882100003,15.110810748000063],[120.62629140100012,15.111206007000021],[120.62594884400005,15.111506403000021],[120.62532697100005,15.112054495000052],[120.62495279300003,15.112296921000052],[120.6247419880001,15.112397053000052],[120.62466111100002,15.112432437000052],[120.62457334400005,15.112470834000021],[120.62439416000007,15.112518265000062],[120.6243203790001,15.112491915000078],[120.62427354600004,15.11248867200004],[120.62414720600009,15.112524694000058],[120.62398919300006,15.112555454000073],[120.62394114800009,15.112586695000061],[120.62380667000002,15.11268621000005],[120.62371988300004,15.112754778000067],[120.62362472400002,15.112902984000073],[120.6233804530001,15.113203500000054],[120.62313332800011,15.113468559000069],[120.62293695800008,15.113712681000038],[120.62276210200002,15.11386832100004],[120.62250574600012,15.114035108000053],[120.62220158100001,15.114322999000024],[120.62202867500002,15.11455821900006],[120.62179700400009,15.114897575000043],[120.62172382100005,15.115011856000024],[120.62164003700002,15.11510693100007],[120.62155038000003,15.115193107000039],[120.62145590900002,15.115239019000057],[120.62138325300009,15.115238987000055],[120.62135373000001,15.115187927000022],[120.62129194300007,15.115177717000051],[120.62121699000011,15.115244032000078],[120.62115520000009,15.115357360000075],[120.62116699700005,15.115446105000046],[120.62117939100006,15.115532770000073],[120.62119313100004,15.115661075000048],[120.62121271800004,15.11579972800007],[120.62115578800001,15.115939783000044],[120.62107260100004,15.116081235000024],[120.62097970100001,15.116188340000065],[120.62086212500003,15.116264701000034],[120.62075609500005,15.116282089000038],[120.62061537300008,15.11631058000006],[120.62052362800011,15.116367903000025],[120.6204758780001,15.116454488000045],[120.62045074200012,15.116634272000056],[120.62044879400003,15.116737834000048],[120.6204503350001,15.11684139700003],[120.62044120900009,15.116991423000059],[120.62042183100004,15.117032817000052],[120.62037833400007,15.116992592000031],[120.61982214300008,15.116468694000048],[120.6196838830001,15.116313984000044],[120.6173997300001,15.114180859000044],[120.61624348300006,15.113077401000055],[120.61589083600006,15.112726895000037],[120.61553818800007,15.11238282100004],[120.6155609760001,15.111992010000051],[120.61458555900003,15.11122982300003],[120.61475897000003,15.11100616300007],[120.61287215100003,15.10962233500004],[120.61414938400003,15.108165051000071],[120.61494556900004,15.107246643000053],[120.61745781100001,15.104361485000027],[120.6187209850001,15.102937723000025],[120.61970844200005,15.101835151000046],[120.62177252600009,15.103324202000067],[120.62350163600001,15.100885279000067],[120.62568437700008,15.102509644000065],[120.62572795300002,15.102467662000038],[120.62617449100003,15.101934723000056],[120.62743981800008,15.100626601000045],[120.62736229900008,15.100471564000031],[120.62724548100005,15.100376246000053],[120.62715675100003,15.100304752000056],[120.62708780900005,15.100248577000059],[120.62715892100005,15.100024334000068],[120.62676500500004,15.099579412000026],[120.62650267200002,15.099382304000073],[120.6264443550001,15.098932012000034],[120.62744102700003,15.097957715000064],[120.62870784000006,15.09597214400003],[120.6264175550001,15.094129318000057],[120.6268188250001,15.093674177000025],[120.62773947100004,15.092629849000048],[120.62832277600012,15.091968443000042],[120.62891515000001,15.091286543000024],[120.62902080000003,15.091165413000056],[120.62912645100005,15.09104340700003],[120.63287037100008,15.093138509000028],[120.63302945600003,15.09322568500005],[120.6337051490001,15.093797938000023],[120.63517710400004,15.095070397000029],[120.63479968000001,15.095393903000058],[120.63478035900005,15.095422959000075],[120.6347739690001,15.095454910000058],[120.63478035900005,15.095489258000043],[120.6347969840001,15.095520610000051],[120.63539277500001,15.096121793000066],[120.63593328600007,15.09664598300003],[120.63658848800003,15.095763975000068],[120.63688766300004,15.095338656000024],[120.6372394760001,15.095743640000023],[120.63946963000001,15.09830893700007],[120.63796938400003,15.101691566000056],[120.63846538600001,15.102394837000077],[120.63984019800012,15.104496450000056],[120.63986040200007,15.104516223000076],[120.63987319500006,15.10452323900006],[120.63988846400002,15.10452736600007],[120.63990332100002,15.104526127000042],[120.63991715000009,15.104522776000067],[120.64169461800009,15.107959653000023]]],[[[120.66731177200006,15.08899946400004],[120.66718460900006,15.089031255000066],[120.66713162400004,15.08903478700006],[120.66706451000005,15.089048916000024],[120.66700799300008,15.089077175000057],[120.66694794300008,15.089108966000026],[120.66685963500004,15.089126627000041],[120.6668137150001,15.08913722400007],[120.66676779500006,15.089140757000052],[120.66672187500001,15.08913722400007],[120.66667242300002,15.08911603000007],[120.6666017760001,15.08911603000007],[120.6665170010001,15.089126627000041],[120.66644635400007,15.089133692000075],[120.66636864300006,15.089169015000039],[120.66632625600005,15.08921493500003],[120.6662874000001,15.089253791000033],[120.66620615700003,15.089306775000068],[120.66614610700003,15.089338566000038],[120.6660754610001,15.08936682500007],[120.66598362100001,15.089384486000029],[120.66588471600005,15.089391551000062],[120.66578227900004,15.089388019000069],[120.6657186970001,15.089384486000029],[120.66564098600008,15.089388019000069],[120.66557034000004,15.089402148000033],[120.66548556400005,15.089426874000026],[120.66542904700009,15.089416277000055],[120.66539019200002,15.089405680000027],[120.66533367500006,15.089388019000069],[120.6652771580001,15.08939861600004],[120.66519591400004,15.089412745000061],[120.66510407400006,15.089419810000038],[120.66500163700005,15.08943393900006],[120.66490273200009,15.089455133000058],[120.66481795600009,15.089490456000021],[120.66471198700003,15.089543441000046],[120.6646060170001,15.089592893000031],[120.66449298300006,15.089642346000062],[120.66442586900007,15.089667072000054],[120.66433049700004,15.089702395000074],[120.66426338300005,15.089737718000038],[120.66412209000009,15.089836623000053],[120.66404791100001,15.089882543000044],[120.66396666800006,15.08994612500004],[120.6638854250001,15.08999204500003],[120.66379005200008,15.090027368000051],[120.66369468000005,15.090045030000056],[120.66366112800006,15.090055328000062],[120.66363437000007,15.090081978000057],[120.66362257800006,15.090113424000037],[120.66361796800004,15.090127255000027],[120.66354302000002,15.090051268000025],[120.6631935470001,15.08968531000005],[120.6631407970001,15.08962266900005],[120.66268989500009,15.088751396000077],[120.66258016800009,15.088538744000061],[120.66240383600007,15.08828016800004],[120.66150279400006,15.086912803000075],[120.66301438300002,15.085863571000061],[120.66292319800004,15.085797716000059],[120.66241408600001,15.085460118000071],[120.6619049730001,15.085126497000033],[120.6609348720001,15.084523667000042],[120.66050174600002,15.084229851000032],[120.66024857200011,15.08405513300005],[120.66010154800006,15.083956298000032],[120.65970388300002,15.083662481000033],[120.65964309300011,15.083637152000051],[120.65958230400008,15.083624488000055],[120.6595240470001,15.08362702100004],[120.65944806000005,15.083644751000065],[120.65938980300007,15.083677679000061],[120.6593062180001,15.083710607000057],[120.65918105100002,15.083759598000029],[120.65908742600004,15.083711280000045],[120.65862048100007,15.083000800000036],[120.65841636900007,15.082684953000069],[120.6580891210001,15.082412292000072],[120.6579166030001,15.08231440700007],[120.6578055540001,15.082201386000065],[120.65773611400004,15.082155306000061],[120.65739254400012,15.081894448000071],[120.65716832100009,15.08169080500005],[120.65695608200008,15.081523545000039],[120.65683410600002,15.081393740000067],[120.65691818700009,15.081308234000062],[120.65760055200008,15.080715829000042],[120.65770243500003,15.080626852000023],[120.65787040100008,15.080496621000066],[120.65799263000008,15.080386464000071],[120.65819651700008,15.080221944000073],[120.65841280000006,15.080037064000066],[120.65863321100005,15.079851986000051],[120.65925255400009,15.07929994500006],[120.65949980800008,15.079097294000064],[120.65971614800003,15.078902884000058],[120.65980113300009,15.07882984400004],[120.65913387500007,15.078111829000022],[120.6588987770001,15.077855028000045],[120.65912121400004,15.077493460000028],[120.65939226100011,15.07719441200004],[120.65953628700004,15.076819622000073],[120.65949052100007,15.07646776100006],[120.65935093000007,15.076197961000048],[120.66015153900003,15.07519747200007],[120.66197763500008,15.076787938000052],[120.66435394900009,15.079201372000057],[120.66455957800008,15.079434989000049],[120.66497019700012,15.080525952000073],[120.66692711100006,15.078348436000056],[120.66864094100004,15.07991892800004],[120.66948331300011,15.079598858000054],[120.66972829000008,15.079605396000034],[120.66991376500005,15.07959302100005],[120.67010471700007,15.079512171000033],[120.67027513400001,15.079378571000063],[120.6705688610001,15.078874123000048],[120.67063961500003,15.078588524000054],[120.67062172800001,15.078310077000026],[120.67073492200007,15.078115511000021],[120.67092708200005,15.078005001000065],[120.67108443200004,15.07793223300007],[120.67130019300009,15.077776508000056],[120.67161784400002,15.077499592000038],[120.67188228000009,15.077168461000042],[120.67188228000009,15.077182083000025],[120.67189090900001,15.077261902000032],[120.67191140300008,15.077361136000036],[120.67193081800008,15.077418303000059],[120.67195346900007,15.077474392000056],[120.67199648000008,15.077544773000056],[120.6720710400001,15.077638344000036],[120.67222946400011,15.077789892000055],[120.67232451900009,15.077896137000039],[120.67241633700007,15.077986472000077],[120.67254253700003,15.078081122000071],[120.67280221700003,15.078236445000073],[120.67310435900004,15.078391975000045],[120.67370927600007,15.077692069000022],[120.67396360700002,15.077869597000074],[120.67414184500001,15.07808007400007],[120.67426928800012,15.078378538000038],[120.67416649200004,15.078547057000037],[120.67405816100006,15.078718593000076],[120.67387921600005,15.079053447000035],[120.67378385500001,15.079364970000029],[120.67374821700002,15.07970986600003],[120.67339006200007,15.080030897000029],[120.67333696100002,15.08005575900006],[120.67297185600012,15.080237828000065],[120.67275046800012,15.080387873000063],[120.67266105100009,15.080445711000039],[120.67239752600005,15.08083855600006],[120.6719077790001,15.081057716000032],[120.67182358600007,15.08112228300007],[120.67141790800008,15.081412987000022],[120.67095875700011,15.081709697000065],[120.67079763600009,15.081816118000063],[120.67049960700001,15.081620967000049],[120.67025592300001,15.081915522000031],[120.66946508400008,15.082831683000052],[120.6693014970001,15.083075246000021],[120.66911246300003,15.083420596000053],[120.6690106750001,15.083638713000028],[120.668825276,15.084082215000024],[120.6685344550001,15.084783822000077],[120.66831032200002,15.085308848000068],[120.66872807100003,15.085471602000041],[120.6684021430001,15.086251934000074],[120.66807621500004,15.087033663000057],[120.66806472100006,15.087075807000076],[120.6680608900001,15.087114120000024],[120.66806472100006,15.08714860200007],[120.66806855200002,15.087202241000057],[120.66805705900003,15.087248217000024],[120.66803407100008,15.08731718100006],[120.66798426300011,15.087401470000032],[120.66794978100006,15.087462771000048],[120.66791146800006,15.087489590000075],[120.66786549200003,15.08752790400007],[120.6678310100001,15.087577711000051],[120.66778503400008,15.087658169000065],[120.66776970900003,15.087734795000074],[120.66775438400009,15.087780771000041],[120.66773343300008,15.087808777000077],[120.66770840800007,15.087842072000058],[120.66767775700009,15.087914868000041],[120.66767009500006,15.087976169000058],[120.66767775700009,15.088029807000055],[120.66767775700009,15.088079615000026],[120.66768542000011,15.088133253000024],[120.66768542000011,15.088171566000028],[120.66767009500006,15.08820221700006],[120.66765093800007,15.08823669900005],[120.66762795000011,15.088275012000054],[120.66762028700009,15.088309494000043],[120.66761645600002,15.088359301000025],[120.66761645600002,15.088409109000054],[120.66763178100007,15.088439759000039],[120.66765476900002,15.088466578000066],[120.66768158900004,15.088485735000063],[120.66773139600002,15.088512554000033],[120.66780802200003,15.088547036000023],[120.6679076370001,15.088585350000074],[120.6679482290001,15.088606675000051],[120.66797600100006,15.088641583000026],[120.66798296700006,15.088697310000043],[120.66798296700006,15.088787866000075],[120.66795465400003,15.088851107000039],[120.66788754000004,15.088872301000038],[120.66780276400004,15.088900559000024],[120.66764381000007,15.088957076000042],[120.66745659700007,15.088978270000041],[120.66731177200006,15.08899946400004]]],[[[120.64810998700011,15.104415501000062],[120.64411148600004,15.107384442000068],[120.64169461800009,15.107959653000023],[120.63991715000009,15.104522776000067],[120.63990332100002,15.104526127000042],[120.63988846400002,15.10452736600007],[120.63987319500006,15.10452323900006],[120.63986040200007,15.104516223000076],[120.63984019800012,15.104496450000056],[120.63846538600001,15.102394837000077],[120.63796938400003,15.101691566000056],[120.63946963000001,15.09830893700007],[120.6372394760001,15.095743640000023],[120.63688766300004,15.095338656000024],[120.63703948300008,15.095096414000068],[120.6371544640001,15.094831845000044],[120.63734423900007,15.094575090000035],[120.63743019600008,15.09442438700006],[120.63770530700003,15.09405914000007],[120.63800016700009,15.093655439000031],[120.63881654500005,15.092527498000038],[120.6390639330001,15.092194268000071],[120.6391625650001,15.09207841600005],[120.63927374600007,15.09192635900007],[120.63973454800009,15.091293747000066],[120.64009155800011,15.090797877000057],[120.64024152200011,15.090585223000062],[120.64036444400006,15.090426654000055],[120.64061028700007,15.090084932000025],[120.64098274000003,15.089572348000047],[120.64133675400001,15.089096641000026],[120.64162750700007,15.088882623000075],[120.64238428800002,15.087806208000075],[120.64243129300007,15.087714548000065],[120.64270392200001,15.087430168000026],[120.64277207900011,15.087373762000027],[120.642854338,15.08729620400004],[120.64290839300008,15.087225696000075],[120.6429906520001,15.087075280000022],[120.64306116000012,15.08693661500007],[120.6433634440001,15.086528284000053],[120.64417752800011,15.085383100000058],[120.6444553450001,15.084989411000038],[120.64458336000007,15.084824820000051],[120.64501182100003,15.084273568000071],[120.6456309990001,15.08339052100007],[120.64607513500005,15.082779181000035],[120.64619270100002,15.082609364000064],[120.64637035500004,15.082387296000036],[120.64685523900005,15.081684167000049],[120.64711923000004,15.081315440000026],[120.64865363700005,15.082364871000038],[120.64894265700002,15.082563408000055],[120.64928512900008,15.082859825000071],[120.64979510300009,15.083267541000055],[120.64979648200006,15.083271370000034],[120.65033369800005,15.083423148000065],[120.65069815700008,15.083744714000034],[120.65127403000008,15.084386824000035],[120.6511991430001,15.084527637000065],[120.65097337700001,15.085017567000023],[120.65091750400006,15.08521206100005],[120.65084433100003,15.085425332000057],[120.65235604500003,15.083995551000044],[120.65262622000012,15.084223928000029],[120.65311546100008,15.08472782900003],[120.65367218800009,15.085292820000063],[120.65385324100009,15.085126407000075],[120.65402347000008,15.084970351000038],[120.65420426500009,15.084805066000058],[120.65437225700009,15.084659197000065],[120.6547216030001,15.08438159900004],[120.65562670100007,15.083604919000038],[120.65602756600003,15.08435533900007],[120.6561333950001,15.084528513000066],[120.65616546400008,15.084669618000078],[120.65619132500001,15.084868517000075],[120.65639392900005,15.084869553000033],[120.65664396700004,15.084852803000047],[120.65720137800008,15.08482255000007],[120.6572419040001,15.084759227000063],[120.65729002900002,15.084685773000047],[120.65735335200009,15.084635115000026],[120.65744453600007,15.084592056000076],[120.65753825400009,15.084574325000062],[120.6576243720001,15.084574325000062],[120.65768009600004,15.084584457000062],[120.65773582000008,15.084579391000034],[120.65777887900003,15.084566727000038],[120.65781687300012,15.084541398000056],[120.65788019500008,15.08445781200004],[120.65793591900001,15.084384358000023],[120.65799164300006,15.084293173000049],[120.65807016300005,15.084201989000064],[120.65817401200002,15.084136134000062],[120.65833105100012,15.08406521300003],[120.65857674300003,15.083971495000071],[120.65889842100012,15.08387017900003],[120.65902311900004,15.083821414000056],[120.65918105100002,15.083759598000029],[120.6593062180001,15.083710607000057],[120.65938980300007,15.083677679000061],[120.65944806000005,15.083644751000065],[120.6595240470001,15.08362702100004],[120.65958230400008,15.083624488000055],[120.65964309300011,15.083637152000051],[120.65970388300002,15.083662481000033],[120.66010154800006,15.083956298000032],[120.66024857200011,15.08405513300005],[120.66050174600002,15.084229851000032],[120.6609348720001,15.084523667000042],[120.6619049730001,15.085126497000033],[120.66241408600001,15.085460118000071],[120.66292319800004,15.085797716000059],[120.66301438300002,15.085863571000061],[120.66150279400006,15.086912803000075],[120.66240383600007,15.08828016800004],[120.66258016800009,15.088538744000061],[120.66268989500009,15.088751396000077],[120.6631407970001,15.08962266900005],[120.6631935470001,15.08968531000005],[120.66354302000002,15.090051268000025],[120.66361796800004,15.090127255000027],[120.6636147160001,15.090137009000046],[120.66360685400002,15.090164525000034],[120.66359113100009,15.090184179000062],[120.66355968500011,15.090219557000069],[120.66350465300002,15.090258865000067],[120.66347124100002,15.090274588000057],[120.66345289700007,15.090303414000061],[120.66341620900005,15.090329620000034],[120.66328256100007,15.090431821000038],[120.66324849400007,15.090481612000076],[120.66323277000004,15.09054188500005],[120.66316725700005,15.090602157000035],[120.66309126100009,15.090667671000062],[120.66306505500006,15.09069125600007],[120.66303098800006,15.090699118000032],[120.66299430000004,15.090699118000032],[120.66294975100004,15.090675533000024],[120.66288947800001,15.09066505100003],[120.66282396400004,15.090667671000062],[120.66268310900011,15.090648017000035],[120.66256911500011,15.090632294000045],[120.6624669140001,15.090596916000038],[120.66238043500005,15.090577262000068],[120.66229395700009,15.090549746000022],[120.66219961700006,15.09053795400007],[120.66216030900011,15.090530092000051],[120.66213279300007,15.090561539000078],[120.66211707000002,15.090612640000074],[120.66205810700001,15.090640155000074],[120.66202666100003,15.090632294000045],[120.66196769800001,15.090640155000074],[120.66191266700002,15.090671602000043],[120.66185763500005,15.090687325000033],[120.66184191200011,15.090730565000058],[120.66182618800008,15.090797389000045],[120.66182618800008,15.091115786000046],[120.66182618800008,15.091159025000024],[120.66180260300007,15.09119047200005],[120.66177508700002,15.091225849000068],[120.66165323200005,15.091288743000064],[120.66160999300007,15.091316258000063],[120.66155496100009,15.09137129000004],[120.66151172200011,15.091406667000058],[120.6614645520001,15.091457768000055],[120.66132697300009,15.09167003300007],[120.66126801000007,15.091772235000064],[120.6566476270001,15.097879078000062],[120.65518497900007,15.09920191200007],[120.65206967200004,15.102044484000032],[120.64998105500001,15.103025628000069],[120.64810998700011,15.104415501000062]]],[[[120.68393855300008,15.064309426000023],[120.68351433800001,15.064980782000077],[120.68246138900008,15.066731310000023],[120.68143739600009,15.068510794000076],[120.68050290300005,15.070206043000042],[120.67967897100004,15.071751246000076],[120.6788813610001,15.073330670000075],[120.67828434900002,15.074551324000026],[120.67786266700011,15.075203741000053],[120.67763752500002,15.075650560000042],[120.67735963300004,15.076146705000042],[120.67699310900002,15.076327237000044],[120.67671919000009,15.076522626000042],[120.67651206800008,15.076714767000055],[120.67643465600008,15.07678740700004],[120.67630494700006,15.076996549000057],[120.67601775600008,15.077200403000063],[120.6758551160001,15.077380572000038],[120.67563596200011,15.077750655000045],[120.67540641300002,15.078161906000048],[120.6752444010001,15.078539264000028],[120.67508669900008,15.078841871000066],[120.67426928800012,15.078378538000038],[120.67414184500001,15.07808007400007],[120.67396360700002,15.077869597000074],[120.67370927600007,15.077692069000022],[120.67310435900004,15.078391975000045],[120.67280221700003,15.078236445000073],[120.67254253700003,15.078081122000071],[120.67241633700007,15.077986472000077],[120.67232451900009,15.077896137000039],[120.67222946400011,15.077789892000055],[120.6720710400001,15.077638344000036],[120.67199648000008,15.077544773000056],[120.67195346900007,15.077474392000056],[120.67193081800008,15.077418303000059],[120.67191140300008,15.077361136000036],[120.67189090900001,15.077261902000032],[120.67188228000009,15.077182083000025],[120.67188228000009,15.077168461000042],[120.67188835800005,15.077160850000041],[120.672330697,15.076604816000042],[120.67267000100003,15.076289984000027],[120.67290719000005,15.075989697000068],[120.67325719700011,15.075365841000064],[120.67330027300011,15.075172208000026],[120.67367955400005,15.074880485000051],[120.673875898,15.074716886000033],[120.67447473400011,15.074303533000034],[120.67466873600006,15.074053476000074],[120.67490909600008,15.073846991000039],[120.67509466700005,15.073612690000061],[120.6752982160001,15.073408827000037],[120.67550958600009,15.07323972100005],[120.67568101000006,15.073084497000025],[120.675877506,15.072950942000034],[120.67609168700005,15.072638242000039],[120.67618710400006,15.072360846000038],[120.6762229740001,15.072050303000026],[120.67618572000003,15.071527074000073],[120.67614251500004,15.07134854000003],[120.67617808300008,15.071201797000072],[120.67620775500006,15.07105137800005],[120.67620326200006,15.070960924000076],[120.6761165910001,15.07083433300005],[120.67596652700001,15.070631132000074],[120.67575447000002,15.070306500000072],[120.67555319700011,15.069907700000044],[120.6754083840001,15.069541680000043],[120.67530687400006,15.069175340000072],[120.67525145500008,15.068840701000056],[120.67529667100007,15.068566195000074],[120.67540281700008,15.068381745000067],[120.67545580700005,15.06822803800003],[120.67546248700012,15.068093006000026],[120.67550389500002,15.067821465000065],[120.67555523600004,15.067668630000071],[120.67557254700012,15.067512244000056],[120.67681265800002,15.066594405000046],[120.67778688700002,15.065721391000068],[120.6781005260001,15.065340104000029],[120.6775724150001,15.064775440000062],[120.6768154450001,15.065046978000055],[120.67631571900006,15.064750203000074],[120.67530006900006,15.063812919000043],[120.67553646200008,15.063366931000076],[120.6757197820001,15.063215438000043],[120.67616863,15.063062839000054],[120.6765339850001,15.06289434000007],[120.67673301100001,15.062738470000056],[120.67691494300004,15.062558362000061],[120.67712020500005,15.062318890000029],[120.67731612800003,15.062144988000057],[120.67746163200002,15.062004760000036],[120.67771395600005,15.061854244000074],[120.6782174870001,15.061237625000047],[120.67848174300002,15.060787711000046],[120.67856139000003,15.060493696000037],[120.6784309840001,15.060149402000036],[120.67819954400011,15.059747581000067],[120.67766548200007,15.058981155000026],[120.67756922300009,15.058741218000023],[120.6791783760001,15.056496648000063],[120.6804529200001,15.054943193000042],[120.67943287700007,15.054632138000045],[120.67925802400009,15.054458743000055],[120.67893982200007,15.054143194000062],[120.67885721200003,15.053840743000023],[120.67887833500004,15.053695995000055],[120.67887083400001,15.053495723000026],[120.67856264000011,15.051983439000026],[120.67867351000007,15.05193981800005],[120.67915559500011,15.051776679000056],[120.67921425200007,15.051765681000063],[120.67927657500002,15.051778512000055],[120.67942138400008,15.051833503000069],[120.67955519400005,15.05186283100005],[120.67961935000005,15.051868330000048],[120.67967067500001,15.051859165000053],[120.67972016600004,15.05183167000007],[120.67976049300012,15.051796842000044],[120.67989613700001,15.05169419300006],[120.67999145400006,15.051637369000048],[120.68028657000002,15.051521889000071],[120.68041671500009,15.05144673500007],[120.68051569800002,15.051353251000023],[120.68144137500008,15.050284599000065],[120.68213609000009,15.049375419000057],[120.68229556300003,15.049252607000028],[120.68232855800011,15.04921777900006],[120.6823395560001,15.049181119000025],[120.6823432220001,15.049127961000067],[120.68235605300003,15.04909680000003],[120.68253385600008,15.049023479000027],[120.68255402000011,15.049010648000035],[120.68255768600011,15.048962989000074],[120.6825686840001,15.048937327000033],[120.68258884700003,15.048922663000042],[120.68263284000011,15.048887835000073],[120.68269332900002,15.048845676000042],[120.68277031600007,15.04883101200005],[120.68298294700003,15.048821846000067],[120.68340087600006,15.04875402500005],[120.68351819000009,15.048750359000053],[120.68392695400007,15.048675205000052],[120.68399713100007,15.048596127000053],[120.68403554000008,15.048551653000061],[120.68408810000005,15.048505158000069],[120.6841103370001,15.048470792000046],[120.68412650900007,15.048420253000074],[120.68419928500009,15.048022010000068],[120.68422152200003,15.04795934200007],[120.68425386600006,15.047916889000078],[120.6842841890001,15.047878480000065],[120.6843225990001,15.047850179000022],[120.6845348600001,15.04769452000005],[120.68462583000007,15.047678348000034],[120.68468445400003,15.047680369000034],[120.68481585500001,15.047759209000048],[120.68491895300008,15.047862308000049],[120.68494725500011,15.047884545000045],[120.68498162100002,15.047892631000025],[120.68572150500006,15.047896674000071],[120.68580236600008,15.047894652000025],[120.68586301300002,15.047878480000065],[120.6859155730001,15.047848157000033],[120.68611368400002,15.047668240000064],[120.68615815800001,15.047607594000056],[120.68624104100002,15.04741756900006],[120.6862956220001,15.047332664000066],[120.68636637600002,15.047261910000032],[120.68641691500011,15.047227544000066],[120.68646543200009,15.047225523000066],[120.68650990600008,15.047241695000025],[120.6865442720001,15.047274040000048],[120.68663322000009,15.047362987000042],[120.68674036100003,15.047460021000063],[120.68687782600011,15.047538861000078],[120.68728819900002,15.047736972000052],[120.68777943300006,15.048046268000064],[120.68780975600009,15.04807659100004],[120.68784007900001,15.048112979000052],[120.68769179100002,15.04859676500007],[120.68996833900007,15.050091165000026],[120.69301732100007,15.05207418200007],[120.69220699300001,15.052828592000026],[120.69091328800005,15.054431051000051],[120.68979820000004,15.055859996000038],[120.68896890200006,15.056957222000051],[120.68791760700003,15.05839637300005],[120.6870254370001,15.05965109400006],[120.6868050710001,15.059963109000023],[120.68571500200005,15.061561329000028],[120.68460940600005,15.063243416000034],[120.68393855300008,15.064309426000023]]],[[[120.70608828800005,15.034924000000046],[120.70600189100003,15.034955609000065],[120.70556780200002,15.035176868000065],[120.70532125600005,15.035360197000045],[120.70513160500002,15.035471880000046],[120.7041749220001,15.036019760000045],[120.70367129400006,15.036384311000063],[120.7033046360001,15.036685645000034],[120.70298433700009,15.036951156000043],[120.7025376040001,15.037353637000024],[120.70236270400005,15.037539074000051],[120.70226577100004,15.03763179200007],[120.7021035140001,15.03774347500007],[120.70186329,15.03786148000006],[120.70156406300009,15.038055345000032],[120.70121215600011,15.038213387000042],[120.7006278340001,15.03841628300006],[120.70028286700006,15.03853579400004],[120.7002344010001,15.03856740200007],[120.70018804100005,15.03858426000005],[120.70012271700011,15.03859479600004],[120.70004685700007,15.03859268900004],[120.6996970570001,15.03854000800004],[120.69964437600004,15.038542115000041],[120.69961487500007,15.038552652000021],[120.69957483700011,15.03857372400006],[120.69954955100002,15.038607440000021],[120.69953901400004,15.03864958400004],[120.69928719100005,15.038707730000056],[120.69904312000006,15.038742597000066],[120.69875643300009,15.038765842000032],[120.69850848700003,15.038765842000032],[120.6982489190001,15.038750346000029],[120.69800872200005,15.038734849000036],[120.6977917700001,15.038715478000029],[120.69756706900012,15.038672863000045],[120.6973462420001,15.038626373000056],[120.69710991900001,15.038564386000076],[120.69685422500004,15.038475281000046],[120.69666826600007,15.03840942100004],[120.69645518800007,15.038324189000036],[120.69627697700002,15.038242832000037],[120.69607552100001,15.038138230000072],[120.69590118500003,15.038022006000062],[120.69571910000002,15.037870914000052],[120.6953471810001,15.037448632000064],[120.69527357300001,15.03729366600004],[120.69519609000008,15.037142574000029],[120.69511085800002,15.036937244000057],[120.69504499800007,15.036762907000025],[120.69492489900006,15.036379366000062],[120.69485903900011,15.036181785000053],[120.69482029700009,15.036019071000055],[120.6947893040001,15.035840860000064],[120.69477768200011,15.035654901000044],[120.69474668800001,15.034492656000054],[120.694672147,15.03369127600007],[120.69458955200002,15.032818285000076],[120.69454049700005,15.032261174000041],[120.69453259700003,15.032055760000048],[120.69455103100006,15.031534325000052],[120.69455761500001,15.031490872000063],[120.69456946600008,15.031447419000074],[120.69476697900006,15.030575727000041],[120.69477751300008,15.030538858000057],[120.6948575340001,15.030397613000048],[120.69500136200008,15.030141198000024],[120.69513303700012,15.029848878000053],[120.69514488800007,15.029815960000064],[120.69518834100006,15.029467019000037],[120.6952252100001,15.029162849000045],[120.69523574400012,15.02910096100004],[120.69525286200007,15.02904434100003],[120.69535161900001,15.028788890000044],[120.69535820200008,15.028753338000058],[120.69539325800008,15.028463242000043],[120.69539212000007,15.028432500000065],[120.69538642700002,15.028407451000078],[120.69533291300002,15.028285621000066],[120.69527029000005,15.02815012800005],[120.69524638000007,15.028120525000077],[120.69507900600001,15.02794632000007],[120.69488544500007,15.02775503600003],[120.69484445600006,15.02772201700003],[120.69480574300007,15.027691275000052],[120.69476608100001,15.027660507000064],[120.69472831900009,15.027638899000067],[120.6946349540001,15.027596771000049],[120.6945825790001,15.027578554000058],[120.69452564900007,15.027562613000043],[120.69408045800003,15.027459001000068],[120.69401214200002,15.02743736800005],[120.69381061100012,15.027351973000066],[120.69372452100004,15.027322628000036],[120.69383637300007,15.027109463000045],[120.69386428300004,15.027056741000024],[120.69396484300012,15.026903344000061],[120.69404324600009,15.026787444000036],[120.69411312600005,15.026707337000062],[120.69418130300005,15.026642569000046],[120.69462044200009,15.02631481800006],[120.69497896600001,15.025976145000072],[120.69521758400003,15.025713666000058],[120.69616367600008,15.02460398900007],[120.69645491000006,15.024262031000035],[120.69684151000001,15.023803656000041],[120.69759284400004,15.022905322000042],[120.69773532600004,15.022807281000041],[120.6977819110001,15.022781659000032],[120.69784247100006,15.022760696000034],[120.69789837200005,15.022760696000034],[120.69796824900004,15.022779330000049],[120.69802415100003,15.022804952000058],[120.69806607700002,15.022835232000034],[120.6980916980001,15.022879487000068],[120.6980986860001,15.022940047000077],[120.69810024100002,15.023075450000022],[120.69817250000006,15.022680396000055],[120.69866179200005,15.022738077000042],[120.69898200900002,15.022229972000048],[120.69937956900003,15.021972786000049],[120.69969460400011,15.021557381000036],[120.70006343500006,15.020646162000048],[120.70080001800011,15.021166110000024],[120.70083558100009,15.021188085000063],[120.7009749880001,15.021099969000034],[120.70115911100004,15.020969768000043],[120.7012577480001,15.020889543000067],[120.701284052,15.020872446000055],[120.70129529600001,15.02086803900005],[120.70130736600004,15.020864591000077],[120.70132116100001,15.020863211000062],[120.70133402800002,15.02086455500006],[120.70134702600001,15.02086803900005],[120.701357701,15.020873761000075],[120.70223581900007,15.021578268000042],[120.70288043100004,15.022121647000063],[120.70288663400004,15.022140008000065],[120.70288564100008,15.022162835000074],[120.7028786940001,15.022182684000029],[120.70286703300008,15.022200549000047],[120.7025184260001,15.022588606000056],[120.70277696700009,15.02280520000005],[120.70248595500004,15.023214925000048],[120.70223165200002,15.023534146000031],[120.70273204600005,15.023952871000063],[120.70336702600002,15.023302827000066],[120.70426261400007,15.024067194000054],[120.70428563900009,15.024089067000034],[120.70441420800012,15.024220225000022],[120.70453628200005,15.024344782000071],[120.70471434400008,15.025431483000034],[120.70472832200005,15.025595722000048],[120.70472133300007,15.025693567000076],[120.70451865500002,15.026294612000072],[120.70449455000005,15.026523951000058],[120.7040198520001,15.026590682000062],[120.70315386900006,15.026742343000024],[120.70310382100001,15.026755992000062],[120.70278558600012,15.026864682000053],[120.70273705500006,15.026872771000058],[120.70269054500011,15.026871760000063],[120.70264605800003,15.026865693000047],[120.70260662600003,15.026856594000037],[120.70257123900001,15.026841428000068],[120.70253787400009,15.026823228000069],[120.70249945300009,15.026797952000038],[120.70246912100004,15.02676660800006],[120.70240845600006,15.026695833000076],[120.70217085500008,15.026362180000035],[120.70213951100004,15.026330837000046],[120.70209704600006,15.026300504000062],[120.70205559200008,15.026271183000063],[120.70200807200001,15.026246918000027],[120.70194740800002,15.026229729000022],[120.70187865500009,15.026218608000022],[120.70181394600002,15.026216585000043],[120.70175328200003,15.026223663000053],[120.70169565100002,15.026235796000037],[120.70163094200007,15.026251973000058],[120.70157533300005,15.026277250000078],[120.70152073600002,15.026313648000041],[120.70147119300009,15.026357124000072],[120.70139030700011,15.026439021000044],[120.70130942200001,15.026549228000022],[120.70104351000009,15.026951635000046],[120.70097981200001,15.027019376000055],[120.70072603300002,15.02724686700003],[120.70068862400001,15.027268100000072],[120.70065020300001,15.027280233000056],[120.70061582700009,15.02728326600004],[120.70037721400001,15.027270122000061],[120.70034688100009,15.02726304500004],[120.69987673300011,15.027130594000027],[120.69982820200005,15.027112395000074],[120.69978472600008,15.027091162000033],[120.699622954,15.026982978000035],[120.6995875670001,15.026964778000035],[120.69851279800002,15.02671908800005],[120.69845718900001,15.02671504400007],[120.69841674600002,15.02671908800005],[120.69838843600007,15.02673021000004],[120.69836012600001,15.026749420000044],[120.69833383800005,15.02677570800006],[120.69792839800004,15.027384373000075],[120.69790716600005,15.027409650000038],[120.69788492200007,15.027430882000033],[120.69785459000002,15.027449082000032],[120.69782223600009,15.027459192000038],[120.69778261600004,15.027464631000043],[120.69737813100005,15.02750526400007],[120.69729409400009,15.027529274000074],[120.69725117000007,15.027769116000059],[120.69712995700002,15.028432806000069],[120.69711850600004,15.02848188300004],[120.69698600000004,15.029208211000025],[120.69697529900009,15.029264831000035],[120.69685883200009,15.02992508400007],[120.69682091800007,15.03011837200006],[120.69773305500007,15.03018177100006],[120.69775612000001,15.030182680000053],[120.69777884400003,15.03017631800003],[120.69779520500003,15.030165410000052],[120.6978106570001,15.030148140000051],[120.697849743,15.030051791000062],[120.69786337700009,15.030032703000074],[120.69787519300007,15.030021795000039],[120.69789064600002,15.03001088800005],[120.69938951400002,15.029324626000061],[120.69817936200002,15.03090665600007],[120.69814592900002,15.032744029000071],[120.69920215400009,15.032228837000048],[120.70157029400002,15.03106512200003],[120.7047764140001,15.03182316300007],[120.70478853300006,15.032477337000046],[120.70479219000003,15.033027253000057],[120.7048056430001,15.033403856000064],[120.70483387700006,15.033847134000041],[120.70485743500001,15.034288840000045],[120.70486441800006,15.03442712900005],[120.70607984000003,15.034272137000073],[120.70608828800005,15.034924000000046]]],[[[120.64827289800007,15.069095683000057],[120.64730093600008,15.070220635000055],[120.64690927700008,15.07066792300003],[120.64663761800011,15.070966541000075],[120.64539545100001,15.07238912300005],[120.64504499000009,15.072797648000062],[120.64407961300003,15.073896774000048],[120.64402678600004,15.07395686600006],[120.64401226200005,15.073973132000049],[120.64350096300006,15.074547348000067],[120.64297955000006,15.07515548400005],[120.64240219100009,15.075819078000052],[120.64039056000001,15.07361856700004],[120.64018151300002,15.073401879000073],[120.63991778600007,15.07356715000003],[120.63971848800009,15.073708310000029],[120.63887216800003,15.072651721000057],[120.63882410500003,15.072697449000032],[120.63878489100011,15.072745446000056],[120.63873445100012,15.07279610300003],[120.63868678500012,15.072852125000054],[120.63865048100001,15.072899690000042],[120.6386063440001,15.072974036000062],[120.63856371800011,15.073035977000075],[120.6385856060001,15.07309510400006],[120.638618586,15.073162280000076],[120.63862733500002,15.07321108900004],[120.63858991300003,15.073269494000044],[120.63850301900004,15.073325616000034],[120.638374741,15.073403080000048],[120.63796487700006,15.07362812100007],[120.6357082510001,15.07145483000005],[120.63407210000003,15.072918111000035],[120.63251126900002,15.071148877000041],[120.6324742920001,15.07115914800005],[120.63244142400004,15.071167365000065],[120.6324065020001,15.071166338000069],[120.63237055200011,15.071163257000023],[120.63234076600008,15.071157094000057],[120.632312006,15.07114682300005],[120.63228940900001,15.071135524000056],[120.63227400200003,15.071125253000048],[120.63225346000002,15.071107792000078],[120.63224421500001,15.071088276000069],[120.63209630900008,15.070801707000044],[120.63192067000011,15.070454538000035],[120.63189704600006,15.070389829000021],[120.63186931400003,15.070305605000044],[120.63182001200005,15.070177214000068],[120.63179227900002,15.070129966000025],[120.63153241600003,15.069841343000064],[120.63149235800006,15.06980128500004],[120.63146257100004,15.06976430800006],[120.63145127300004,15.069743765000055],[120.63144613700001,15.069721169000047],[120.63144511000007,15.069696518000057],[120.63144358600005,15.069668871000033],[120.63144402600005,15.069607290000022],[120.6314457410001,15.069440936000035],[120.6314345940001,15.069122805000063],[120.63143030600008,15.069016476000058],[120.63141572900008,15.068926439000052],[120.63138485900004,15.068762657000036],[120.63136770900007,15.06862202800005],[120.63135227400005,15.068490831000076],[120.6313394120001,15.068418801000064],[120.63132226200003,15.068353632000026],[120.63130768400003,15.068314187000055],[120.63127400400003,15.068222181000067],[120.63130488700006,15.068109734000075],[120.6313270600001,15.068008374000044],[120.63136507000002,15.067907013000024],[120.63137457300002,15.067837327000063],[120.63139394300003,15.067796499000053],[120.63140941500001,15.067764475000047],[120.63146009600007,15.067697957000064],[120.63154878600005,15.067631439000024],[120.63164064400007,15.067596596000044],[120.63169132500002,15.06756808800003],[120.6317515080001,15.067539581000062],[120.6318972140001,15.067482565000034],[120.63204291900001,15.067368534000025],[120.63213794500007,15.067286179000064],[120.63220763100003,15.067178483000077],[120.63225197600002,15.067029610000077],[120.63227414800008,15.066988432000073],[120.63239451400011,15.066871234000075],[120.63246103200004,15.06683322400005],[120.63258773300004,15.066709690000039],[120.63268592600002,15.06660516200003],[120.63279995700009,15.06652280700007],[120.63291398800004,15.066453121000052],[120.63298367300001,15.066405608000025],[120.63302485100007,15.066351760000032],[120.63308820100008,15.066263070000048],[120.63317372400002,15.066152207000073],[120.63322757200001,15.066130034000025],[120.63328775500008,15.066120531000024],[120.63335110500009,15.066107861000035],[120.63345880100007,15.066054013000041],[120.63351581600011,15.06598432800007],[120.63358550200007,15.06590514000004],[120.63364251700011,15.065867130000072],[120.6336963650001,15.065822784000034],[120.63373437500002,15.065743596000061],[120.63380089300006,15.065680246000056],[120.63388008100003,15.065591556000072],[120.63393392900002,15.06557255000007],[120.63399094500005,15.065531373000056],[120.63402578700004,15.065439515000037],[120.63405112700002,15.065395169000055],[120.6341303150001,15.065363494000053],[120.63421267100011,15.06534448900004],[120.63427602100012,15.065290641000047],[120.63430769700005,15.065265301000068],[120.63438055000006,15.06523045800003],[120.63449141300009,15.065176610000037],[120.63452625500008,15.065167108000026],[120.63458010300008,15.065186113000038],[120.63460544400004,15.065189280000027],[120.63463395100007,15.065163940000048],[120.63464345400007,15.065138600000068],[120.63468779900006,15.065072082000029],[120.63443116700012,15.064756387000045],[120.6337384420001,15.063878033000037],[120.63330280200012,15.063333003000025],[120.63402094800006,15.062729455000067],[120.63348855000004,15.062483817000043],[120.63295579700002,15.062228797000046],[120.63312499800008,15.061904654000045],[120.63329419800004,15.061571823000065],[120.63393412100004,15.06084876600005],[120.63683741300008,15.05820755600007],[120.63788417300009,15.059064146000026],[120.63972098900001,15.062221314000055],[120.63979701000005,15.062256156000046],[120.63985085700006,15.062313172000074],[120.6398635270001,15.062363852000033],[120.6398730300001,15.062405030000036],[120.63992054300002,15.062439873000073],[120.63996805600004,15.062471548000076],[120.63999339600002,15.06252539600007],[120.64000606600007,15.06258241100005],[120.64002190300005,15.062642594000067],[120.64007891900008,15.062677437000048],[120.64012959900003,15.062671102000024],[120.64019295000003,15.06268693900006],[120.64023096000005,15.062718614000062],[120.64024046200007,15.062769295000066],[120.64238744500005,15.06519256200005],[120.64307404200008,15.06488383900006],[120.6439082500001,15.065807462000066],[120.64408204200004,15.065640228000063],[120.64415418200008,15.065591041000062],[120.64420828800007,15.065564808000033],[120.64430994000008,15.065517261000025],[120.64437716100008,15.065486110000052],[120.6444656970001,15.065443481000045],[120.64456171100005,15.065401958000052],[120.64464932700002,15.065356585000075],[120.64475917700008,15.065284445000032],[120.64487886400002,15.065197549000061],[120.64499035400002,15.065123769000024],[120.64503790000003,15.065084420000062],[120.64507888900005,15.06503523300006],[120.64509528500002,15.064997524000034],[120.64510348300007,15.064964732000021],[120.64510512200002,15.064915546000066],[120.64510348300007,15.06488603400004],[120.64511004100007,15.06485652200007],[120.6451313550001,15.064822092000043],[120.64515266900003,15.064800777000073],[120.64518054100006,15.064774545000034],[120.64523300700012,15.064735195000026],[120.64540188100011,15.064607310000042],[120.64545270700012,15.06455812400003],[120.64549369600002,15.064502379000032],[120.64558839900008,15.06446118200006],[120.64565205600002,15.064442495000037],[120.64590924900006,15.064643967000052],[120.64613798200003,15.064855862000059],[120.64628625700004,15.064732922000076],[120.64658471700011,15.064409818000058],[120.64698175100011,15.06402373700007],[120.64714902300011,15.064189491000036],[120.6473980290001,15.064406018000057],[120.64763620800011,15.06459006600005],[120.64784551800005,15.064730808000036],[120.6485528390001,15.065185515000053],[120.64839281800005,15.065433561000077],[120.64823216800005,15.065653225000062],[120.64789447600003,15.066013867000038],[120.64790329700008,15.066047531000038],[120.64790869100011,15.066059316000064],[120.6479157220001,15.066069896000045],[120.64810209600012,15.066291060000026],[120.64811203600004,15.06633081900003],[120.64809712600004,15.06637306400006],[120.64806730600003,15.06640288400007],[120.6479331170001,15.066512223000075],[120.64777159300002,15.066678717000059],[120.6476200090001,15.066802967000058],[120.64754546000006,15.066865091000068],[120.64730938600007,15.067096195000033],[120.64728205100005,15.067108620000056],[120.64725471600002,15.067111105000038],[120.64722241100003,15.067108620000056],[120.64716277200012,15.067076315000065],[120.6471031320001,15.067026615000032],[120.64664939800002,15.06752029200004],[120.64827289800007,15.069095683000057]]],[[[120.62912645100005,15.09104340700003],[120.62902080000003,15.091165413000056],[120.62891515000001,15.091286543000024],[120.62832277600012,15.091968443000042],[120.62773947100004,15.092629849000048],[120.62723958100003,15.092219422000028],[120.62696913100001,15.092531480000048],[120.62618445200007,15.091918054000075],[120.62599238700011,15.091772634000051],[120.62578386100006,15.091610751000076],[120.62516903300002,15.091128819000062],[120.62494756500007,15.091025696000031],[120.62498801800007,15.09090111200004],[120.62500021000005,15.090799512000046],[120.62501240200004,15.090706040000043],[120.62503678500002,15.090600377000044],[120.62506037800006,15.09052390900007],[120.62476468900002,15.09031062300005],[120.62463139600004,15.090227287000062],[120.62476328000002,15.089944570000057],[120.62510904800001,15.089370743000075],[120.62542784000004,15.08893669400004],[120.62576379900008,15.088559047000047],[120.62567378500012,15.088464197000064],[120.62560935700003,15.08839010500003],[120.62545795200003,15.088290242000028],[120.62530010400008,15.088206486000047],[120.62520024100002,15.088148501000035],[120.62490065200006,15.08793588900005],[120.62406309100004,15.087420467000072],[120.62384494900004,15.08728883200007],[120.62361971400003,15.087149031000024],[120.62341777900008,15.087061008000035],[120.62321066700008,15.086998874000074],[120.62307345400006,15.086991107000074],[120.62299060900011,15.087014407000026],[120.62136024300003,15.085861048000027],[120.62130053600004,15.085861048000027],[120.6205034300001,15.085317074000045],[120.62023071300007,15.085764915000027],[120.62019647800003,15.085756764000052],[120.62016876300004,15.085747526000034],[120.62013733600008,15.085730196000043],[120.62009980300002,15.085707099000047],[120.620127421,15.085846056000037],[120.62012450600002,15.085873264000043],[120.62012061900009,15.085898529000076],[120.62011478900001,15.085924766000062],[120.62010604300008,15.085952946000077],[120.62002247500004,15.086098704000051],[120.61991850000004,15.08623280300003],[120.61988934900012,15.086264869000047],[120.61983493200012,15.086307625000074],[120.61980717800009,15.086329969000076],[120.61997260900011,15.086449093000056],[120.62055229900011,15.086849125000072],[120.62066379600003,15.086915420000025],[120.62068843200007,15.08693201400007],[120.6207048770001,15.086950727000044],[120.62072472500006,15.086982484000032],[120.62073379800006,15.087004599000068],[120.62073913200004,15.087029931000075],[120.62074287100006,15.087058471000034],[120.62074343800009,15.087092496000025],[120.62073611800008,15.087129374000028],[120.6207059840001,15.087195670000028],[120.62067450800009,15.087273150000044],[120.62067177200004,15.087287855000056],[120.62067283600004,15.087304153000048],[120.62067553400004,15.08732137000004],[120.62068305800005,15.087332998000022],[120.62069091700005,15.087343328000031],[120.62071965100006,15.087365828000031],[120.6220215840001,15.08819290300005],[120.62115754000001,15.089220131000047],[120.61461660600003,15.084908678000033],[120.61747356700005,15.08322903100003],[120.61918427700004,15.084481874000062],[120.619460505,15.084130311000024],[120.6197220460001,15.083750963000057],[120.61997580900004,15.083885199000065],[120.62023706600007,15.084000987000024],[120.62032523900007,15.08393379100005],[120.62076077400002,15.083515007000074],[120.6214581590001,15.082867876000023],[120.62169091500004,15.082647464000047],[120.62195893600006,15.08241559000004],[120.62200742700009,15.082367981000061],[120.62209647300006,15.082300975000067],[120.62259019700002,15.081891890000065],[120.62276829100006,15.081742009000038],[120.62280443300006,15.081715598000073],[120.6228141360001,15.08170850700003],[120.6228811420001,15.081660898000052],[120.6229472660001,15.081616815000075],[120.62300457300012,15.081589484000062],[120.62303190400007,15.081575378000025],[120.62306805200001,15.081563035000045],[120.62309979100007,15.08155510000006],[120.62316150700008,15.081541875000028],[120.62328934600009,15.081520715000067],[120.62345245100005,15.081498674000045],[120.62361908300011,15.081470461000038],[120.62377249000008,15.081441367000025],[120.62391708000007,15.081393758000047],[120.62404932800007,15.081337332000032],[120.62419744500005,15.081258865000052],[120.62431382300008,15.08117070000003],[120.62443196400011,15.081055204000052],[120.62450015200011,15.08098844400007],[120.62467794400004,15.080814514000053],[120.62469293200002,15.080788946000041],[120.62469734100011,15.080773958000066],[120.62469910400011,15.080749272000048],[120.624698222,15.080731639000078],[120.62469116900002,15.08071576900005],[120.62467781200007,15.080693835000034],[120.62443103200007,15.080442687000073],[120.62327356900005,15.079226258000062],[120.62266863000002,15.078586378000068],[120.6223104710001,15.078223851000075],[120.62193047400001,15.077841670000055],[120.6212228920001,15.077107882000064],[120.62120105400004,15.077092594000021],[120.62117484700002,15.077079491000063],[120.62114645600002,15.077070756000069],[120.62111369800004,15.07706857200003],[120.62108749100003,15.077070756000069],[120.62107002000005,15.077075123000043],[120.62104599700001,15.077090411000029],[120.6210197900001,15.077101330000062],[120.62098921600011,15.077101330000062],[120.62096300900009,15.077101330000062],[120.62094553800011,15.07709477800006],[120.62092806700002,15.077083859000027],[120.62092151500008,15.077066388000048],[120.62091714700011,15.077051100000062],[120.62091714700011,15.077024894000033],[120.62092806700002,15.077005239000073],[120.62093898600006,15.07698995100003],[120.62094990600008,15.076972480000052],[120.62096082500011,15.076933170000075],[120.62096519300007,15.076900412000043],[120.62096082500011,15.076872021000042],[120.6209477220001,15.076843631000031],[120.6209193310001,15.07681524000003],[120.62021175000007,15.076240876000043],[120.62011347500004,15.07615570400003],[120.6200195670001,15.076046509000037],[120.61993111900006,15.075914020000027],[120.61991801600004,15.07587907800007],[120.61991364800008,15.075852871000052],[120.6199194720001,15.075823752000076],[120.619932575,15.075791722000076],[120.61995878200003,15.075745132000065],[120.62002138700007,15.075649041000077],[120.62017280400005,15.075452490000032],[120.62020629000006,15.075402989000054],[120.62027973600004,15.075291094000022],[120.6208571090001,15.074899727000059],[120.62146700300002,15.074488291000023],[120.6223878940001,15.073869927000032],[120.62354354600006,15.073089408000044],[120.62464353300004,15.072340352000026],[120.62574110000003,15.071598556000026],[120.6278982130001,15.074325842000064],[120.62985678000007,15.076267897000037],[120.63222316800011,15.078550054000061],[120.63213299300003,15.078625473000045],[120.63205169200012,15.078708297000048],[120.6319630050001,15.079065764000063],[120.63192238200008,15.079169294000053],[120.63190185500002,15.07922787800004],[120.63182906500003,15.079273374000024],[120.63174386200001,15.079273229000023],[120.6316586150001,15.079273215000057],[120.63156737500003,15.079253495000046],[120.63145703900011,15.07922069500006],[120.6313902170001,15.079260031000047],[120.6313022810001,15.079332433000047],[120.63123268800007,15.079431623000062],[120.63118834400007,15.079557671000032],[120.63067816400007,15.079992176000076],[120.63125057800005,15.079955183000038],[120.63155885300012,15.080040848000067],[120.63190172100008,15.080255816000033],[120.63215374200001,15.08047564900005],[120.63227125600008,15.080543982000052],[120.63239065100004,15.080693670000073],[120.63257695200002,15.080934310000032],[120.63281329300003,15.081329333000042],[120.63312185200004,15.081714847000057],[120.63312797100002,15.081919073000051],[120.63307000500004,15.082157684000038],[120.6329513500001,15.08238140700007],[120.6328473640001,15.082520045000024],[120.63263800300001,15.082863107000037],[120.63370490800003,15.08348688700005],[120.63396429400007,15.083634670000038],[120.63416278700004,15.083750458000054],[120.63439908700002,15.083885149000025],[120.63465125400012,15.08403213300005],[120.63502728500009,15.084251484000049],[120.63488684000004,15.084408960000076],[120.63437869600011,15.08500618000005],[120.63370073500005,15.08578239600007],[120.6329736460001,15.086612653000032],[120.63279187400008,15.086823902000049],[120.63260705200003,15.087036012000056],[120.63204513400001,15.087683636000065],[120.63114940500009,15.08872670200003],[120.6306077910001,15.089339044000042],[120.62958932200002,15.090503845000057],[120.62912645100005,15.09104340700003]]],[[[120.63796487700006,15.07362812100007],[120.6377058280001,15.073877333000041],[120.637682874,15.073919961000058],[120.63762264800005,15.073966736000045],[120.63761763800005,15.073970963000022],[120.63741478700001,15.07418148000005],[120.63726243200006,15.07441332600007],[120.6372007120001,15.07452605800006],[120.6371798560001,15.074625694000076],[120.6371490780001,15.074702640000055],[120.63711830000011,15.074766761000035],[120.63710291000007,15.074841143000071],[120.6370798260001,15.07493091300006],[120.63706187200012,15.075000164000073],[120.6370233990001,15.075084805000074],[120.63697955100008,15.075151294000023],[120.6369361940001,15.075202789000059],[120.63689515600004,15.075243827000065],[120.6368361640001,15.075307949000035],[120.63676178300011,15.07535155200003],[120.63670009900011,15.075382894000029],[120.636590049,15.075468320000027],[120.63651130000005,15.075618336000048],[120.6363795960001,15.07578578500005],[120.6361079400001,15.07615235000003],[120.63600616500003,15.076403232000075],[120.6360005030001,15.076478518000044],[120.63605945000006,15.076507303000028],[120.63613783400001,15.076507066000033],[120.63618606300008,15.076524996000046],[120.63623409500008,15.076568388000055],[120.63625195300006,15.076656147000051],[120.63623979700003,15.076737743000024],[120.63616673900003,15.07681665900003],[120.63608585100008,15.076876845000072],[120.63588451200008,15.076968527000076],[120.63574286700009,15.077003446000049],[120.6356198420001,15.077003563000062],[120.63550839800007,15.076980630000037],[120.63536651700008,15.076961525000058],[120.63522439500002,15.07698007700003],[120.63510744200005,15.077005892000045],[120.63499202300011,15.077031541000053],[120.63497741700007,15.07703652400005],[120.63484452500006,15.077097540000068],[120.63466516900007,15.077224949000026],[120.63464828600002,15.07728456600006],[120.63465416400004,15.07736823600004],[120.6347151760001,15.077547012000025],[120.63478257100007,15.07766928600006],[120.63487976500005,15.077832698000066],[120.63501194900005,15.077961755000047],[120.63517592300002,15.078160977000039],[120.63532417900001,15.078348595000023],[120.63543429900005,15.078494145000036],[120.63558317100001,15.078673213000059],[120.63574461900009,15.078823870000065],[120.63596283600009,15.07896400900006],[120.63611962200002,15.079069970000035],[120.63622209000005,15.079162808000035],[120.63642139800004,15.079287911000051],[120.63657223900009,15.079388464000033],[120.63691363100008,15.079547484000045],[120.63729401000012,15.079814330000033],[120.63759187800008,15.079991225000072],[120.63784682700009,15.080169975000047],[120.63798055300003,15.080272222000076],[120.6382882370001,15.080518393000034],[120.63807597200002,15.080760372000043],[120.63651220500003,15.082546978000039],[120.63502728500009,15.084251484000049],[120.63465125400012,15.08403213300005],[120.63439908700002,15.083885149000025],[120.63416278700004,15.083750458000054],[120.63396429400007,15.083634670000038],[120.63370490800003,15.08348688700005],[120.63263800300001,15.082863107000037],[120.6328473640001,15.082520045000024],[120.6329513500001,15.08238140700007],[120.63307000500004,15.082157684000038],[120.63312797100002,15.081919073000051],[120.63312185200004,15.081714847000057],[120.63281329300003,15.081329333000042],[120.63257695200002,15.080934310000032],[120.63239065100004,15.080693670000073],[120.63227125600008,15.080543982000052],[120.63215374200001,15.08047564900005],[120.63190172100008,15.080255816000033],[120.63155885300012,15.080040848000067],[120.63125057800005,15.079955183000038],[120.63067816400007,15.079992176000076],[120.63118834400007,15.079557671000032],[120.63123268800007,15.079431623000062],[120.6313022810001,15.079332433000047],[120.6313902170001,15.079260031000047],[120.63145703900011,15.07922069500006],[120.63156737500003,15.079253495000046],[120.6316586150001,15.079273215000057],[120.63174386200001,15.079273229000023],[120.63182906500003,15.079273374000024],[120.63190185500002,15.07922787800004],[120.63192238200008,15.079169294000053],[120.6319630050001,15.079065764000063],[120.63205169200012,15.078708297000048],[120.63213299300003,15.078625473000045],[120.63222316800011,15.078550054000061],[120.62985678000007,15.076267897000037],[120.6278982130001,15.074325842000064],[120.62574110000003,15.071598556000026],[120.62597828100002,15.071426721000023],[120.62632252600008,15.071210225000073],[120.62794503400005,15.06960246400007],[120.62942483400002,15.067651763000072],[120.6298688920001,15.067066598000054],[120.63031832400009,15.066467578000072],[120.63076766900008,15.067359400000043],[120.63127400400003,15.068222181000067],[120.63130768400003,15.068314187000055],[120.63132226200003,15.068353632000026],[120.6313394120001,15.068418801000064],[120.63135227400005,15.068490831000076],[120.63136770900007,15.06862202800005],[120.63138485900004,15.068762657000036],[120.63141572900008,15.068926439000052],[120.63143030600008,15.069016476000058],[120.6314345940001,15.069122805000063],[120.6314457410001,15.069440936000035],[120.63144402600005,15.069607290000022],[120.63144358600005,15.069668871000033],[120.63144511000007,15.069696518000057],[120.63144613700001,15.069721169000047],[120.63145127300004,15.069743765000055],[120.63146257100004,15.06976430800006],[120.63149235800006,15.06980128500004],[120.63153241600003,15.069841343000064],[120.63179227900002,15.070129966000025],[120.63182001200005,15.070177214000068],[120.63186931400003,15.070305605000044],[120.63189704600006,15.070389829000021],[120.63192067000011,15.070454538000035],[120.63209630900008,15.070801707000044],[120.63224421500001,15.071088276000069],[120.63225346000002,15.071107792000078],[120.63227400200003,15.071125253000048],[120.63228940900001,15.071135524000056],[120.632312006,15.07114682300005],[120.63234076600008,15.071157094000057],[120.63237055200011,15.071163257000023],[120.6324065020001,15.071166338000069],[120.63244142400004,15.071167365000065],[120.6324742920001,15.07115914800005],[120.63251126900002,15.071148877000041],[120.63407210000003,15.072918111000035],[120.6357082510001,15.07145483000005],[120.63796487700006,15.07362812100007]]],[[[120.67856264000011,15.051983439000026],[120.67841505400008,15.052040634000036],[120.67832340300004,15.052066297000067],[120.67822625300005,15.052068130000066],[120.67810344000009,15.052057132000073],[120.67803745200001,15.052071796000064],[120.67787981200001,15.052143284000067],[120.67779732600002,15.052163447000055],[120.67768367800011,15.052167113000053],[120.67751383900008,15.05215307700007],[120.67743184400001,15.05214825400003],[120.67736914200009,15.052167547000067],[120.6773257320001,15.052210956000067],[120.6771810350001,15.05238941600004],[120.67704116100003,15.052534113000036],[120.67656848400009,15.052765628000031],[120.67633696900009,15.052862093000044],[120.67623781500004,15.052922427000055],[120.6761054540001,15.052968204000024],[120.67595111000003,15.053011613000024],[120.67582570600007,15.05307431500006],[120.67568583200011,15.05316113400005],[120.67552184200008,15.053257598000073],[120.67526621000002,15.053411942000025],[120.67511186700006,15.053561462000062],[120.67499996600009,15.053512714000021],[120.67378821000011,15.051390745000049],[120.67481556300004,15.050785357000052],[120.67578330300012,15.050215096000045],[120.67872136800008,15.04826752200006],[120.67766704700011,15.046836259000031],[120.67542166700002,15.048305522000078],[120.67472433000012,15.048083703000032],[120.67442023300009,15.047835488000032],[120.6738835430001,15.047398857000076],[120.67233683900008,15.046129182000072],[120.671868001,15.045721998000033],[120.671571674,15.045472241000027],[120.67158739900003,15.045440529000075],[120.6717261020001,15.044847737000055],[120.6713219610001,15.04447162200006],[120.67111132000002,15.044320223000057],[120.67102574600005,15.044083251000075],[120.67097308600012,15.04397793000004],[120.67082827000002,15.043872609000061],[120.6711376500001,15.04343816000005],[120.67174324500002,15.042628505000039],[120.67221523700005,15.04289607800007],[120.67253200400012,15.041785171000072],[120.67263370500007,15.041423569000074],[120.67266759200004,15.04130062400003],[120.67279768000003,15.040821684000036],[120.67288951000012,15.040480178000053],[120.67346518900001,15.038259701000072],[120.67368088500007,15.037450635000027],[120.67394526500004,15.036453067000025],[120.67411356700006,15.035815772000035],[120.67456393000009,15.034114423000062],[120.6747290400001,15.033489788000054],[120.67503039100006,15.032400696000025],[120.67506351300005,15.032245942000031],[120.67520117200002,15.031672954000044],[120.67528416000005,15.03132746600005],[120.67542690500011,15.030576733000032],[120.67565653100007,15.03099260700003],[120.6763000850001,15.031358453000053],[120.67677577100005,15.031594713000061],[120.67707202500003,15.03096305300005],[120.67873275800002,15.031809016000068],[120.67897736900011,15.031965397000022],[120.67996284700007,15.032776664000039],[120.68020548200002,15.032549438000046],[120.68059957000003,15.032871605000025],[120.68037381900001,15.033135856000058],[120.68079644200009,15.033453769000062],[120.6810392650001,15.033594250000021],[120.68158594600004,15.032951669000056],[120.68337139800008,15.030988733000072],[120.683715129,15.030570038000064],[120.68411670100011,15.029969752000056],[120.6842795660001,15.029794823000032],[120.6843881420001,15.02964402200007],[120.68494912200003,15.02876937600007],[120.68517230700002,15.028491902000042],[120.6854497810001,15.028166172000056],[120.68579963900004,15.027677577000077],[120.68646854100007,15.02689672400004],[120.6865984310001,15.026744915000052],[120.68681328700006,15.02653841700004],[120.68730356600008,15.02596079500006],[120.68756014200005,15.026158345000056],[120.68738794400008,15.02638028900003],[120.68732671800001,15.026445341000056],[120.68723273100011,15.026507652000078],[120.68702785000005,15.026743654000029],[120.68675035400008,15.027067831000068],[120.68634318700003,15.02755280100007],[120.68629617500005,15.02772837200007],[120.68608439900004,15.02799115700003],[120.68592327100009,15.028168398000048],[120.68581692600003,15.028306968000038],[120.68568802400011,15.028558328000031],[120.68547533500009,15.028983706000076],[120.68531420700003,15.029399416000047],[120.68523686500009,15.029634663000024],[120.68515952400003,15.029866687000037],[120.68508619700003,15.030234117000077],[120.68504458200005,15.030746184000066],[120.68513842400012,15.030743648000055],[120.68517900500001,15.030748720000076],[120.68522719400005,15.030761402000053],[120.68525509300002,15.030784228000073],[120.68528806500001,15.030834954000056],[120.68705326300005,15.033201610000049],[120.68736266300004,15.033585197000036],[120.68724433300008,15.033655318000058],[120.68710847300008,15.033756117000053],[120.68681922300004,15.033992777000037],[120.68640740300009,15.03433489400004],[120.6865431980001,15.03449977200006],[120.68688926800007,15.034816299000056],[120.68729442300003,15.035099064000065],[120.68773334100001,15.035360726000022],[120.6881595970001,15.035567524000044],[120.68858163400012,15.03575322000006],[120.68894458500006,15.035917814000072],[120.68923923300008,15.036044336000032],[120.69006546000003,15.03641689400007],[120.69134417900011,15.036996739000074],[120.69166063700004,15.037140239000053],[120.69185433400003,15.037225944000056],[120.69313478100003,15.037804756000071],[120.69140632500012,15.039091400000075],[120.69011255500004,15.040111596000031],[120.69162411000002,15.042591017000063],[120.6895015660001,15.043973510000058],[120.6886289040001,15.044507774000067],[120.68858010000008,15.044537152000032],[120.68770471100004,15.045202129000074],[120.68719132700005,15.04558021400004],[120.68682677900006,15.045922242000074],[120.6862956220001,15.047332664000066],[120.68624104100002,15.04741756900006],[120.68615815800001,15.047607594000056],[120.68611368400002,15.047668240000064],[120.6859155730001,15.047848157000033],[120.68586301300002,15.047878480000065],[120.68580236600008,15.047894652000025],[120.68572150500006,15.047896674000071],[120.68498162100002,15.047892631000025],[120.68494725500011,15.047884545000045],[120.68491895300008,15.047862308000049],[120.68481585500001,15.047759209000048],[120.68468445400003,15.047680369000034],[120.68462583000007,15.047678348000034],[120.6845348600001,15.04769452000005],[120.6843225990001,15.047850179000022],[120.6842841890001,15.047878480000065],[120.68425386600006,15.047916889000078],[120.68422152200003,15.04795934200007],[120.68419928500009,15.048022010000068],[120.68412650900007,15.048420253000074],[120.6841103370001,15.048470792000046],[120.68408810000005,15.048505158000069],[120.68403554000008,15.048551653000061],[120.68399713100007,15.048596127000053],[120.68392695400007,15.048675205000052],[120.68351819000009,15.048750359000053],[120.68340087600006,15.04875402500005],[120.68298294700003,15.048821846000067],[120.68277031600007,15.04883101200005],[120.68269332900002,15.048845676000042],[120.68263284000011,15.048887835000073],[120.68258884700003,15.048922663000042],[120.6825686840001,15.048937327000033],[120.68255768600011,15.048962989000074],[120.68255402000011,15.049010648000035],[120.68253385600008,15.049023479000027],[120.68235605300003,15.04909680000003],[120.6823432220001,15.049127961000067],[120.6823395560001,15.049181119000025],[120.68232855800011,15.04921777900006],[120.68229556300003,15.049252607000028],[120.68213609000009,15.049375419000057],[120.68144137500008,15.050284599000065],[120.68051569800002,15.051353251000023],[120.68041671500009,15.05144673500007],[120.68028657000002,15.051521889000071],[120.67999145400006,15.051637369000048],[120.67989613700001,15.05169419300006],[120.67976049300012,15.051796842000044],[120.67972016600004,15.05183167000007],[120.67967067500001,15.051859165000053],[120.67961935000005,15.051868330000048],[120.67955519400005,15.05186283100005],[120.67942138400008,15.051833503000069],[120.67927657500002,15.051778512000055],[120.67921425200007,15.051765681000063],[120.67915559500011,15.051776679000056],[120.67867351000007,15.05193981800005],[120.67856264000011,15.051983439000026]]]]}}
